{
  "runs": [
    {
      "run": "p2b_p2b_dgb_gauge_only_image_stats_gauge_original_gate_route",
      "variant_id": "P2B_DGB_GAUGE_ONLY",
      "variant_name": "image_stats_gauge_original_gate_route",
      "isolation_factor": "gauge_only",
      "seed": 3407,
      "backbone": "multiscale",
      "backbone_blocks": 3,
      "gauge_mode": "image_stats",
      "route_type": "identity_gate",
      "safe_alpha": 0.7,
      "steps": 1000,
      "train_crop": 128,
      "batch_size": 8,
      "gpu": 0,
      "elapsed_sec_train": 194.951730966568,
      "run_dir": "/home/user/a1_rlef_project/experiments/p2b_p2b_dgb_gauge_only_image_stats_gauge_original_gate_route_seed3407",
      "config": "/home/user/a1_rlef_project/configs/dgb_rlef/p2b_p2b_dgb_gauge_only_image_stats_gauge_original_gate_route.yml",
      "log": "/home/user/a1_rlef_project/logs/p2b_controlled_isolation/p2b_p2b_dgb_gauge_only_image_stats_gauge_original_gate_route.log",
      "uefb_psnr": 17.718968555450438,
      "uefb_ssim": 0.8108820989131927,
      "uefb_lee": 0.2699441719427705,
      "uefb_nai": 1.870482130050659,
      "uefb_input_psnr": 12.995622906684876,
      "uefb_identity_drop": 4.72334564781189,
      "uefb_q_ece": 0.41763664366304876,
      "uefb_over": 8.656819769385037e-06,
      "uefb_under": 3.865559987389133e-06,
      "uefb_E_MAE": 0.4993546995818615,
      "uefb_E_MAE_aligned": 0.20470321505144237,
      "uefb_E_corr": 0.5082217492064228,
      "real_psnr": 20.431721687316895,
      "real_ssim": 0.7887570947408676,
      "real_lee": 0.22740613020956515,
      "real_nai": 2.708172653913498,
      "real_input_psnr": 9.718215217590332,
      "real_identity_drop": 10.713506479263305,
      "real_q_ece": 0.522672159075737,
      "real_over": 4.705555543296214e-05,
      "real_under": 0.0,
      "real_E_MAE": 0.7723556567728519,
      "real_E_MAE_aligned": 0.3115119770169258,
      "real_E_corr": 0.7117646920681,
      "synthetic_psnr": 18.40170907974243,
      "synthetic_ssim": 0.7784825962781906,
      "synthetic_lee": 0.2885943762026727,
      "synthetic_nai": 1.3916370213031768,
      "synthetic_input_psnr": 11.220927743911743,
      "synthetic_identity_drop": 7.180781331062317,
      "synthetic_q_ece": 0.576576754450798,
      "synthetic_over": 0.00019431785578490234,
      "synthetic_under": 0.0,
      "synthetic_E_MAE": 0.8294662496447563,
      "synthetic_E_MAE_aligned": 0.6046720562223346,
      "synthetic_E_corr": 0.8391770997643471,
      "elapsed_sec_total": 215.9605791568756
    },
    {
      "run": "p2b_p2b_dgb_route_only_adaptive_gauge_safe_router",
      "variant_id": "P2B_DGB_ROUTE_ONLY",
      "variant_name": "adaptive_gauge_safe_router",
      "isolation_factor": "route_only",
      "seed": 3407,
      "backbone": "multiscale",
      "backbone_blocks": 3,
      "gauge_mode": "adaptive_head",
      "route_type": "recoverability_safe_router",
      "safe_alpha": 0.7,
      "steps": 1000,
      "train_crop": 128,
      "batch_size": 8,
      "gpu": 1,
      "elapsed_sec_train": 195.6680464744568,
      "run_dir": "/home/user/a1_rlef_project/experiments/p2b_p2b_dgb_route_only_adaptive_gauge_safe_router_seed3407",
      "config": "/home/user/a1_rlef_project/configs/dgb_rlef/p2b_p2b_dgb_route_only_adaptive_gauge_safe_router.yml",
      "log": "/home/user/a1_rlef_project/logs/p2b_controlled_isolation/p2b_p2b_dgb_route_only_adaptive_gauge_safe_router.log",
      "uefb_psnr": 17.71322127532959,
      "uefb_ssim": 0.8047575721740723,
      "uefb_lee": 0.2720285214856267,
      "uefb_nai": 1.7642360321283341,
      "uefb_input_psnr": 12.995622906684876,
      "uefb_identity_drop": 4.717598363876343,
      "uefb_q_ece": 0.407487540230155,
      "uefb_over": 0.0,
      "uefb_under": 0.0,
      "uefb_E_MAE": 0.2842141687273979,
      "uefb_E_MAE_aligned": 0.20041519598290325,
      "uefb_E_corr": 0.46531522733066233,
      "real_psnr": 19.966537094116212,
      "real_ssim": 0.778243048787117,
      "real_lee": 0.2345351867377758,
      "real_nai": 2.569394954442978,
      "real_input_psnr": 9.718215217590332,
      "real_identity_drop": 10.248321886062621,
      "real_q_ece": 0.5295606476068496,
      "real_over": 6.26388893533658e-05,
      "real_under": 0.0,
      "real_E_MAE": 0.37592049486935136,
      "real_E_MAE_aligned": 0.31378362990915776,
      "real_E_corr": 0.6638692811131477,
      "synthetic_psnr": 17.94501919746399,
      "synthetic_ssim": 0.7611837592720986,
      "synthetic_lee": 0.30108964098617436,
      "synthetic_nai": 1.310424070954323,
      "synthetic_input_psnr": 11.220927743911743,
      "synthetic_identity_drop": 6.724091444015503,
      "synthetic_q_ece": 0.5612455120682717,
      "synthetic_over": 9.946469890564912e-07,
      "synthetic_under": 0.0,
      "synthetic_E_MAE": 0.6385385083034635,
      "synthetic_E_MAE_aligned": 0.5738730739243328,
      "synthetic_E_corr": 0.8370390674471855,
      "elapsed_sec_total": 216.53387355804443
    }
  ],
  "p3c_reference": {
    "uefb_psnr": {
      "mean": 17.914535294214883,
      "std": 0.27466761106490634,
      "n": 3
    },
    "uefb_E_MAE": {
      "mean": 0.2764901278267304,
      "std": 0.01516151687910185,
      "n": 3
    },
    "uefb_E_MAE_aligned": {
      "mean": 0.20261214628318944,
      "std": 0.007616531070542047,
      "n": 3
    },
    "uefb_E_corr": {
      "mean": 0.4361369502673236,
      "std": 0.0032329503286052308,
      "n": 3
    },
    "real_psnr": {
      "mean": 20.02060646692912,
      "std": 0.2231760612668466,
      "n": 3
    },
    "real_E_corr": {
      "mean": 0.7074678050478299,
      "std": 0.05254242104857764,
      "n": 3
    },
    "synthetic_psnr": {
      "mean": 17.678273655573523,
      "std": 0.7345045603791227,
      "n": 3
    },
    "synthetic_E_corr": {
      "mean": 0.84072034517924,
      "std": 0.03656592404775315,
      "n": 3
    }
  },
  "p7b_near_miss_reference": {
    "uefb_psnr": 18.0850629196167,
    "real_psnr": 19.84705744743347,
    "synthetic_psnr": 17.96549958229065
  },
  "phase2_dgb_reference": {
    "run": "phase2_dgb_rlef_minimal_s3407_multiscale_image_stats_gauge_safe_router",
    "variant_id": "DGB_RLEF_MINIMAL_S3407",
    "variant_name": "multiscale_image_stats_gauge_safe_router",
    "seed": 3407,
    "backbone": "multiscale",
    "backbone_blocks": 3,
    "gauge_mode": "image_stats",
    "route_type": "recoverability_safe_router",
    "safe_alpha": 0.7,
    "steps": 1000,
    "train_crop": 128,
    "batch_size": 8,
    "gpu": 0,
    "elapsed_sec_train": 105.1920714378357,
    "run_dir": "/home/user/a1_rlef_project/experiments/phase2_dgb_rlef_minimal_s3407_multiscale_image_stats_gauge_safe_router_seed3407",
    "config": "/home/user/a1_rlef_project/configs/dgb_rlef/phase2_dgb_rlef_minimal_s3407_multiscale_image_stats_gauge_safe_router.yml",
    "log": "/home/user/a1_rlef_project/logs/phase2_dgb_candidate/phase2_dgb_rlef_minimal_s3407_multiscale_image_stats_gauge_safe_router.log",
    "uefb_psnr": 17.75430307197571,
    "uefb_ssim": 0.8160762413740158,
    "uefb_lee": 0.26404609394818546,
    "uefb_nai": 1.8797483952045442,
    "uefb_input_psnr": 12.995622906684876,
    "uefb_identity_drop": 4.758680165290833,
    "uefb_q_ece": 0.40839267876744273,
    "uefb_over": 3.0822754833934597e-06,
    "uefb_under": 0.0,
    "uefb_E_MAE": 0.5305266555547714,
    "uefb_E_MAE_aligned": 0.19919930795580149,
    "uefb_E_corr": 0.5276702798577025,
    "real_psnr": 19.938993167877197,
    "real_ssim": 0.7717072099447251,
    "real_lee": 0.24943566314876078,
    "real_nai": 2.873386011123657,
    "real_input_psnr": 9.718215217590332,
    "real_identity_drop": 10.220777959823609,
    "real_q_ece": 0.508296138048172,
    "real_over": 3.363888968578976e-05,
    "real_under": 1.8055556211038493e-07,
    "real_E_MAE": 0.8720729269087315,
    "real_E_MAE_aligned": 0.3115637440234423,
    "real_E_corr": 0.6788853275775909,
    "synthetic_psnr": 18.479499568939207,
    "synthetic_ssim": 0.77162861764431,
    "synthetic_lee": 0.2962524212524295,