{
  "uefb": {
    "A_mean": 0.412735168159008,
    "A_std": 0.12103921221196652,
    "route_entropy": 0.6242601447105408,
    "safe_fraction": 0.587264829158783,
    "safe_rest_l1": 0.363670518219471,
    "mu_mean": 1.051410481825471,
    "mu_dataset_std": 0.6013488724517373,
    "mu_min": 0.10424410551786423,
    "mu_max": 3.147948980331421,
    "n_batches": 500
  },
  "real": {
    "A_mean": 0.4650165316462517,
    "A_std": 0.12767108224332333,
    "route_entropy": 0.6504420822858811,
    "safe_fraction": 0.5349834764003754,
    "safe_rest_l1": 0.45808816254138945,
    "mu_mean": 2.2054085612297056,
    "mu_dataset_std": 0.6121928521229376,
    "mu_min": 1.1384189128875732,
    "mu_max": 3.2730772495269775,
    "n_batches": 100
  },
  "synthetic": {
    "A_mean": 0.3951010279357433,
    "A_std": 0.11920017067342997,
    "route_entropy": 0.6301576209068298,
    "safe_fraction": 0.6048989790678024,
    "safe_rest_l1": 0.3578467513620853,
    "mu_mean": 1.3969431022787466,
    "mu_dataset_std": 0.7351568660572051,
    "mu_min": -0.006553893443197012,
    "mu_max": 2.6953492164611816,
    "n_batches": 100
  }
}