{
  "uefb": {
    "A_mean": 0.46879297617077825,
    "A_std": 0.1112501313611865,
    "route_entropy": 0.6409448449611663,
    "safe_fraction": 0.5312070218920708,
    "safe_rest_l1": 0.4791896689832211,
    "mu_mean": 1.2023156991004944,
    "mu_dataset_std": 0.20298710728792654,
    "mu_min": 0.8124310970306396,
    "mu_max": 1.5688729286193848,
    "n_batches": 500
  },
  "real": {
    "A_mean": 0.5222600603103638,
    "A_std": 0.13670547500252725,
    "route_entropy": 0.6481000119447708,
    "safe_fraction": 0.4777399507164955,
    "safe_rest_l1": 0.5711585199832916,
    "mu_mean": 1.4908374166488647,
    "mu_dataset_std": 0.09116509596923525,
    "mu_min": 1.2052521705627441,
    "mu_max": 1.5724031925201416,
    "n_batches": 100
  },
  "synthetic": {
    "A_mean": 0.44278330728411674,
    "A_std": 0.11133571028709412,
    "route_entropy": 0.6471847528219223,
    "safe_fraction": 0.557216699719429,
    "safe_rest_l1": 0.448478963971138,
    "mu_mean": 1.2489675867557526,
    "mu_dataset_std": 0.17301186242710045,
    "mu_min": 0.8244417905807495,
    "mu_max": 1.5225772857666016,
    "n_batches": 100
  }
}