{
  "uefb": {
    "A_mean": 0.45703612703084945,
    "A_std": 0.0970972175039351,
    "route_entropy": 0.6586608390808105,
    "safe_fraction": 0.5429638715386391,
    "safe_rest_l1": 0.4495445732623339,
    "mu_mean": 1.1932554030418396,
    "mu_dataset_std": 0.18567691788209698,
    "mu_min": 0.8373910188674927,
    "mu_max": 1.5305695533752441,
    "n_batches": 500
  },
  "real": {
    "A_mean": 0.479025599360466,
    "A_std": 0.1177385050803423,
    "route_entropy": 0.6603738528490066,
    "safe_fraction": 0.5209744113683701,
    "safe_rest_l1": 0.534326374232769,
    "mu_mean": 1.458199121952057,
    "mu_dataset_std": 0.08423232789100352,
    "mu_min": 1.1951899528503418,
    "mu_max": 1.533855676651001,
    "n_batches": 100
  },
  "synthetic": {
    "A_mean": 0.44231353372335436,
    "A_std": 0.0969202628172934,
    "route_entropy": 0.6616870456933975,
    "safe_fraction": 0.5576864764094353,
    "safe_rest_l1": 0.4088175988197327,
    "mu_mean": 1.2359332501888276,
    "mu_dataset_std": 0.15826954651067576,
    "mu_min": 0.848588228225708,
    "mu_max": 1.4874651432037354,
    "n_batches": 100
  }
}