{
  "P2C_DGB_GATE_FLOOR015": {
    "uefb": {
      "A_mean": 0.45703612703084945,
      "A_std": 0.0970972175039351,
      "route_entropy": 0.6586608390808105,
      "safe_fraction": 0.5429638715386391,
      "safe_rest_l1": 0.4495445732623339,
      "mu_mean": 1.1932554030418396,
      "mu_dataset_std": 0.18567691788209698,
      "mu_min": 0.8373910188674927,
      "mu_max": 1.5305695533752441,
      "n_batches": 500
    },
    "real": {
      "A_mean": 0.479025599360466,
      "A_std": 0.1177385050803423,
      "route_entropy": 0.6603738528490066,
      "safe_fraction": 0.5209744113683701,
      "safe_rest_l1": 0.534326374232769,
      "mu_mean": 1.458199121952057,
      "mu_dataset_std": 0.08423232789100352,
      "mu_min": 1.1951899528503418,
      "mu_max": 1.533855676651001,
      "n_batches": 100
    },
    "synthetic": {
      "A_mean": 0.44231353372335436,
      "A_std": 0.0969202628172934,
      "route_entropy": 0.6616870456933975,
      "safe_fraction": 0.5576864764094353,
      "safe_rest_l1": 0.4088175988197327,
      "mu_mean": 1.2359332501888276,
      "mu_dataset_std": 0.15826954651067576,
      "mu_min": 0.848588228225708,
      "mu_max": 1.4874651432037354,
      "n_batches": 100
    }
  },
  "P2C_DGB_GATE_FLOOR025": {
    "uefb": {
      "A_mean": 0.5011635479927063,
      "A_std": 0.0815876994766295,
      "route_entropy": 0.6740995334386826,
      "safe_fraction": 0.4988364551663399,
      "safe_rest_l1": 0.4393756009340286,
      "mu_mean": 1.1839443244934083,
      "mu_dataset_std": 0.1672838343171408,
      "mu_min": 0.8639111518859863,
      "mu_max": 1.4896507263183594,
      "n_batches": 500
    },
    "real": {
      "A_mean": 0.5071842101216316,
      "A_std": 0.09010660097002983,
      "route_entropy": 0.6741953033208847,
      "safe_fraction": 0.49281580150127413,
      "safe_rest_l1": 0.5505413395166397,
      "mu_mean": 1.4235323882102966,
      "mu_dataset_std": 0.07670336657477549,
      "mu_min": 1.184701919555664,
      "mu_max": 1.4926488399505615,
      "n_batches": 100
    },
    "synthetic": {
      "A_mean": 0.4852898851037025,
      "A_std": 0.07511667193844915,
      "route_entropy": 0.677229939699173,
      "safe_fraction": 0.5147101312875748,
      "safe_rest_l1": 0.384689417630434,
      "mu_mean": 1.2228187501430512,
      "mu_dataset_std": 0.14269062528693227,
      "mu_min": 0.8742727041244507,
      "mu_max": 1.4503016471862793,
      "n_batches": 100
    }
  },
  "P2C_DGB_ESHAPE025": {
    "uefb": {
      "A_mean": 0.46663587939739226,
      "A_std": 0.11749850402027369,
      "route_entropy": 0.6429583467245102,
      "safe_fraction": 0.5333641212582588,
      "safe_rest_l1": 0.4539788587391376,
      "mu_mean": 1.2008219256401063,
      "mu_dataset_std": 0.2070405002177019,
      "mu_min": 0.8012505769729614,
      "mu_max": 1.573655366897583,
      "n_batches": 500
    },
    "real": {
      "A_mean": 0.49420971363782884,
      "A_std": 0.13352509289979936,
      "route_entropy": 0.6502454143762588,
      "safe_fraction": 0.5057903012633324,
      "safe_rest_l1": 0.54305570602417,
      "mu_mean": 1.4945451736450195,
      "mu_dataset_std": 0.09241931340272332,
      "mu_min": 1.2049930095672607,
      "mu_max": 1.5772960186004639,
      "n_batches": 100
    },
    "synthetic": {
      "A_mean": 0.43705515533685685,
      "A_std": 0.12795657344162464,
      "route_entropy": 0.6379972994327545,
      "safe_fraction": 0.5629448619484901,
      "safe_rest_l1": 0.42065258383750914,
      "mu_mean": 1.2476893663406372,
      "mu_dataset_std": 0.1764062969522294,
      "mu_min": 0.813712477684021,
      "mu_max": 1.5265607833862305,
      "n_batches": 100
    }
  },
  "P2C_DGB_ESHAPE010": {
    "uefb": {
      "A_mean": 0.4638812749683857,
      "A_std": 0.11029909814149141,
      "route_entropy": 0.6443631972074508,
      "safe_fraction": 0.5361187242865563,
      "safe_rest_l1": 0.46485506612062455,
      "mu_mean": 1.2014328956604003,
      "mu_dataset_std": 0.22765501171443842,
      "mu_min": 0.7593939304351807,
      "mu_max": 1.608079433441162,
      "n_batches": 500
    },
    "real": {
      "A_mean": 0.500321597456932,
      "A_std": 0.1230242495238781,
      "route_entropy": 0.6565313249826431,
      "safe_fraction": 0.4996784138679504,
      "safe_rest_l1": 0.5568852975964547,
      "mu_mean": 1.5226831483840941,
      "mu_dataset_std": 0.10007633158245517,
      "mu_min": 1.2083380222320557,
      "mu_max": 1.6120829582214355,
      "n_batches": 100
    },
    "synthetic": {
      "A_mean": 0.4420418231189251,
      "A_std": 0.11152967508882285,
      "route_entropy": 0.6486204701662064,
      "safe_fraction": 0.5579581838846207,
      "safe_rest_l1": 0.42428705736994743,
      "mu_mean": 1.2518877470493317,
      "mu_dataset_std": 0.19389283649250771,
      "mu_min": 0.7728931903839111,
      "mu_max": 1.557185411453247,
      "n_batches": 100
    }
  }
}