{
  "uefb": {
    "A_mean": 0.4638812749683857,
    "A_std": 0.11029909814149141,
    "route_entropy": 0.6443631972074508,
    "safe_fraction": 0.5361187242865563,
    "safe_rest_l1": 0.46485506612062455,
    "mu_mean": 1.2014328956604003,
    "mu_dataset_std": 0.22765501171443842,
    "mu_min": 0.7593939304351807,
    "mu_max": 1.608079433441162,
    "n_batches": 500
  },
  "real": {
    "A_mean": 0.500321597456932,
    "A_std": 0.1230242495238781,
    "route_entropy": 0.6565313249826431,
    "safe_fraction": 0.4996784138679504,
    "safe_rest_l1": 0.5568852975964547,
    "mu_mean": 1.5226831483840941,
    "mu_dataset_std": 0.10007633158245517,
    "mu_min": 1.2083380222320557,
    "mu_max": 1.6120829582214355,
    "n_batches": 100
  },
  "synthetic": {
    "A_mean": 0.4420418231189251,
    "A_std": 0.11152967508882285,
    "route_entropy": 0.6486204701662064,
    "safe_fraction": 0.5579581838846207,
    "safe_rest_l1": 0.42428705736994743,
    "mu_mean": 1.2518877470493317,
    "mu_dataset_std": 0.19389283649250771,
    "mu_min": 0.7728931903839111,
    "mu_max": 1.557185411453247,
    "n_batches": 100
  }
}