{
  "uefb": {
    "A_mean": 0.46663587939739226,
    "A_std": 0.11749850402027369,
    "route_entropy": 0.6429583467245102,
    "safe_fraction": 0.5333641212582588,
    "safe_rest_l1": 0.4539788587391376,
    "mu_mean": 1.2008219256401063,
    "mu_dataset_std": 0.2070405002177019,
    "mu_min": 0.8012505769729614,
    "mu_max": 1.573655366897583,
    "n_batches": 500
  },
  "real": {
    "A_mean": 0.49420971363782884,
    "A_std": 0.13352509289979936,
    "route_entropy": 0.6502454143762588,
    "safe_fraction": 0.5057903012633324,
    "safe_rest_l1": 0.54305570602417,
    "mu_mean": 1.4945451736450195,
    "mu_dataset_std": 0.09241931340272332,
    "mu_min": 1.2049930095672607,
    "mu_max": 1.5772960186004639,
    "n_batches": 100
  },
  "synthetic": {
    "A_mean": 0.43705515533685685,
    "A_std": 0.12795657344162464,
    "route_entropy": 0.6379972994327545,
    "safe_fraction": 0.5629448619484901,
    "safe_rest_l1": 0.42065258383750914,
    "mu_mean": 1.2476893663406372,
    "mu_dataset_std": 0.1764062969522294,
    "mu_min": 0.813712477684021,
    "mu_max": 1.5265607833862305,
    "n_batches": 100
  }
}