{
  "uefb": {
    "A_mean": 0.5011635479927063,
    "A_std": 0.0815876994766295,
    "route_entropy": 0.6740995334386826,
    "safe_fraction": 0.4988364551663399,
    "safe_rest_l1": 0.4393756009340286,
    "mu_mean": 1.1839443244934083,
    "mu_dataset_std": 0.1672838343171408,
    "mu_min": 0.8639111518859863,
    "mu_max": 1.4896507263183594,
    "n_batches": 500
  },
  "real": {
    "A_mean": 0.5071842101216316,
    "A_std": 0.09010660097002983,
    "route_entropy": 0.6741953033208847,
    "safe_fraction": 0.49281580150127413,
    "safe_rest_l1": 0.5505413395166397,
    "mu_mean": 1.4235323882102966,
    "mu_dataset_std": 0.07670336657477549,
    "mu_min": 1.184701919555664,
    "mu_max": 1.4926488399505615,
    "n_batches": 100
  },
  "synthetic": {
    "A_mean": 0.4852898851037025,
    "A_std": 0.07511667193844915,
    "route_entropy": 0.677229939699173,
    "safe_fraction": 0.5147101312875748,
    "safe_rest_l1": 0.384689417630434,
    "mu_mean": 1.2228187501430512,
    "mu_dataset_std": 0.14269062528693227,
    "mu_min": 0.8742727041244507,
    "mu_max": 1.4503016471862793,
    "n_batches": 100
  }
}