{
  "uefb": {
    "A_mean": 0.4770695987343788,
    "A_std": 0.10748217356950045,
    "route_entropy": 0.6431284025907517,
    "safe_fraction": 0.5229304000735283,
    "safe_rest_l1": 0.44320716957747935,
    "mu_mean": 1.2025242476463318,
    "mu_dataset_std": 0.22032166926158464,
    "mu_min": 0.7756005525588989,
    "mu_max": 1.5970230102539062,
    "n_batches": 500
  },
  "real": {
    "A_mean": 0.5148632419109345,
    "A_std": 0.12434577599167823,
    "route_entropy": 0.6533838146924973,
    "safe_fraction": 0.48513676941394807,
    "safe_rest_l1": 0.5243813714385033,
    "mu_mean": 1.5138935351371765,
    "mu_dataset_std": 0.09732533740295139,
    "mu_min": 1.208427906036377,
    "mu_max": 1.6008975505828857,
    "n_batches": 100
  },
  "synthetic": {
    "A_mean": 0.4553044341504574,
    "A_std": 0.10802943427115679,
    "route_entropy": 0.6486397683620453,
    "safe_fraction": 0.5446955785155296,
    "safe_rest_l1": 0.410761701837182,
    "mu_mean": 1.2517512273788451,
    "mu_dataset_std": 0.18767889388018366,
    "mu_min": 0.7887823581695557,
    "mu_max": 1.5475349426269531,
    "n_batches": 100
  }
}