{
  "uefb": {
    "A_mean": 0.5104541074037552,
    "A_std": 0.10498227282613516,
    "route_entropy": 0.6501816952228546,
    "safe_fraction": 0.4895458927750587,
    "safe_rest_l1": 0.4590394285917282,
    "mu_mean": 1.2002280414104463,
    "mu_dataset_std": 0.22152065935575557,
    "mu_min": 0.7706519365310669,
    "mu_max": 1.5967204570770264,
    "n_batches": 500
  },
  "real": {
    "A_mean": 0.5399141231179237,
    "A_std": 0.1169255606085062,
    "route_entropy": 0.6548455095291138,
    "safe_fraction": 0.46008589297533037,
    "safe_rest_l1": 0.56182702511549,
    "mu_mean": 1.513210415840149,
    "mu_dataset_std": 0.09777341392348746,
    "mu_min": 1.2063348293304443,
    "mu_max": 1.600620985031128,
    "n_batches": 100
  },
  "synthetic": {
    "A_mean": 0.4763262113928795,
    "A_std": 0.10915206070989371,
    "route_entropy": 0.6537627506256104,
    "safe_fraction": 0.5236737903952599,
    "safe_rest_l1": 0.4235902152210474,
    "mu_mean": 1.2496388256549835,
    "mu_dataset_std": 0.1887042010335699,
    "mu_min": 0.7839081287384033,
    "mu_max": 1.5469963550567627,
    "n_batches": 100
  }
}