{
  "uefb": {
    "A_mean": 0.5252604269385338,
    "A_std": 0.05101058005169034,
    "route_entropy": 0.6674275823831558,
    "safe_fraction": 0.4747395722270012,
    "safe_rest_l1": 0.43038773506879807,
    "mu_mean": 1.201768307685852,
    "mu_dataset_std": 0.22263558341083975,
    "mu_min": 0.7699142694473267,
    "mu_max": 1.599999189376831,
    "n_batches": 500
  },
  "real": {
    "A_mean": 0.5999608552455902,
    "A_std": 0.0453905339166522,
    "route_entropy": 0.6669305783510208,
    "safe_fraction": 0.40003915697336195,
    "safe_rest_l1": 0.494344861805439,
    "mu_mean": 1.5161946678161622,
    "mu_dataset_std": 0.09815090548707664,
    "mu_min": 1.2080345153808594,
    "mu_max": 1.6039128303527832,
    "n_batches": 100
  },
  "synthetic": {
    "A_mean": 0.5232101589441299,
    "A_std": 0.05045898593962193,
    "route_entropy": 0.6770944184064865,
    "safe_fraction": 0.4767898491024971,
    "safe_rest_l1": 0.37895112469792364,
    "mu_mean": 1.2513821148872375,
    "mu_dataset_std": 0.18964661851181072,
    "mu_min": 0.7832611799240112,
    "mu_max": 1.5501017570495605,
    "n_batches": 100
  }
}