{
  "uefb": {
    "A_mean": 0.49176663595438,
    "A_std": 0.04070782794058323,
    "route_entropy": 0.6743412120342255,
    "safe_fraction": 0.5082333641052246,
    "safe_rest_l1": 0.4514740941226482,
    "mu_mean": 1.201928334236145,
    "mu_dataset_std": 0.2238048577052607,
    "mu_min": 0.7687832117080688,
    "mu_max": 1.6025359630584717,
    "n_batches": 500
  },
  "real": {
    "A_mean": 0.5853936916589737,
    "A_std": 0.035652688853442666,
    "route_entropy": 0.673787237405777,
    "safe_fraction": 0.41460632234811784,
    "safe_rest_l1": 0.5026124805212021,
    "mu_mean": 1.5181891322135925,
    "mu_dataset_std": 0.09881720650716173,
    "mu_min": 1.2078797817230225,
    "mu_max": 1.6064510345458984,
    "n_batches": 100
  },
  "synthetic": {
    "A_mean": 0.5033094039559365,
    "A_std": 0.03878001986071467,
    "route_entropy": 0.6799245178699493,
    "safe_fraction": 0.4966906073689461,
    "safe_rest_l1": 0.37400164164602756,
    "mu_mean": 1.2519366216659547,
    "mu_dataset_std": 0.19063821639519207,
    "mu_min": 0.7820806503295898,
    "mu_max": 1.5523338317871094,
    "n_batches": 100
  }
}