{
  "multiseed_e_shape_0p05": {
    "uefb_psnr": {
      "mean": 17.914535294214883,
      "std": 0.27466761106490634,
      "n": 3
    },
    "uefb_E_MAE": {
      "mean": 0.2764901278267304,
      "std": 0.01516151687910185,
      "n": 3
    },
    "uefb_E_MAE_aligned": {
      "mean": 0.20261214628318944,
      "std": 0.007616531070542047,
      "n": 3
    },
    "uefb_E_corr": {
      "mean": 0.4361369502673236,
      "std": 0.0032329503286052308,
      "n": 3
    },
    "real_psnr": {
      "mean": 20.02060646692912,
      "std": 0.2231760612668466,
      "n": 3
    },
    "real_E_corr": {
      "mean": 0.7074678050478299,
      "std": 0.05254242104857764,
      "n": 3
    },
    "synthetic_psnr": {
      "mean": 17.678273655573523,
      "std": 0.7345045603791227,
      "n": 3
    },
    "synthetic_E_corr": {
      "mean": 0.84072034517924,
      "std": 0.03656592404775315,
      "n": 3
    }
  },
  "sweep_seed3407": [
    {
      "seed": 3407,
      "e_shape": 0.02,
      "uefb_psnr": 18.272681873321535,
      "uefb_E_MAE": 0.2707704928815365,
      "uefb_E_MAE_aligned": 0.1992117620408535,
      "uefb_E_corr": 0.4148486800275277,
      "real_psnr": 20.218660097122193,
      "real_E_corr": 0.620846141576767,
      "synthetic_psnr": 17.47534282684326,
      "synthetic_E_corr": 0.8169363328814506
    },
    {
      "seed": 3407,
      "e_shape": 0.05,
      "uefb_psnr": 17.9811068611145,
      "uefb_E_MAE": 0.29185761863738297,
      "uefb_E_MAE_aligned": 0.19979707964509724,
      "uefb_E_corr": 0.43985495356749743,
      "real_psnr": 20.277040662765504,
      "real_E_corr": 0.6482521766424179,
      "synthetic_psnr": 17.140526418685912,
      "synthetic_E_corr": 0.7991548854112626
    },
    {
      "seed": 3407,
      "e_shape": 0.1,
      "uefb_psnr": 18.10062364578247,
      "uefb_E_MAE": 0.26698907202482225,
      "uefb_E_MAE_aligned": 0.1905010990127921,
      "uefb_E_corr": 0.4569566066390689,
      "real_psnr": 20.17924370765686,
      "real_E_corr": 0.6304938986897468,
      "synthetic_psnr": 17.820894365310668,
      "synthetic_E_corr": 0.8006866246461868
    }
  ]
}