{
  "aggregate": {
    "uefb_psnr": {
      "mean": 18.11077340443929,
      "std": 0.20102504775733682,
      "n": 3
    },
    "uefb_E_MAE": {
      "mean": 0.27260787969082595,
      "std": 0.006508757511757905,
      "n": 3
    },
    "uefb_E_MAE_aligned": {
      "mean": 0.1946048456430435,
      "std": 0.0037209086527935963,
      "n": 3
    },
    "uefb_E_corr": {
      "mean": 0.44905734440192946,
      "std": 0.006957944461892399,
      "n": 3
    },
    "real_psnr": {
      "mean": 19.874948298136392,
      "std": 0.4269259104352522,
      "n": 3
    },
    "real_E_corr": {
      "mean": 0.685581446091334,
      "std": 0.05034659560393317,
      "n": 3
    },
    "synthetic_psnr": {
      "mean": 17.626265999476114,
      "std": 0.5173760122251075,
      "n": 3
    },
    "synthetic_E_corr": {
      "mean": 0.8346529085437456,
      "std": 0.032079809287534414,
      "n": 3
    }
  },
  "enter_p4": false
}