{
  "teacher_exports": [
    {
      "dataset": "real",
      "status": "already_present",
      "output_dir": "/home/user/a1_rlef_project/experiments/p5_retinexformer_train_teacher/real",
      "n": 689
    },
    {
      "dataset": "synthetic",
      "status": "already_present",
      "output_dir": "/home/user/a1_rlef_project/experiments/p5_retinexformer_train_teacher/synthetic",
      "n": 900
    }
  ],
  "runs": [
    {
      "run": "p5_p5_rd_t01_m4j_eshape_retinexformer_distill_t01",
      "variant_id": "P5_RD_T01",
      "variant_name": "m4j_eshape_retinexformer_distill_t01",
      "steps": 1000,
      "train_crop": 128,
      "batch_size": 8,
      "gpu": 0,
      "elapsed_sec_train": 124.13503742218018,
      "run_dir": "/home/user/a1_rlef_project/experiments/p5_p5_rd_t01_m4j_eshape_retinexformer_distill_t01_seed3407",
      "log": "/home/user/a1_rlef_project/logs/p5_retinex_distill/p5_p5_rd_t01_m4j_eshape_retinexformer_distill_t01.log",
      "uefb_psnr": 17.948256567001344,
      "uefb_ssim": 0.8028169150352478,
      "uefb_lee": 0.2624223868697882,
      "uefb_nai": 1.7029588233232498,
      "uefb_input_psnr": 12.995622906684876,
      "uefb_identity_drop": 4.952633658409119,
      "uefb_q_ece": 0.42985034704208375,
      "uefb_over": 1.8920899801742052e-06,
      "uefb_under": 2.0446777398319684e-06,
      "uefb_E_MAE": 0.27022589959204196,
      "uefb_E_MAE_aligned": 0.20904067297279835,
      "uefb_E_corr": 0.4378207865888253,
      "real_psnr": 19.587578945159912,
      "real_ssim": 0.7767173606157303,
      "real_lee": 0.23153448212891817,
      "real_nai": 2.3266890048980713,
      "real_input_psnr": 9.718215217590332,
      "real_identity_drop": 9.869363732337952,
      "real_q_ece": 0.5608837473392486,
      "real_over": 2.498611138889828e-05,
      "real_under": 0.0,
      "real_E_MAE": 0.5698237316310406,
      "real_E_MAE_aligned": 0.3030995362251997,
      "real_E_corr": 0.610292309820652,
      "synthetic_psnr": 17.959694328308107,
      "synthetic_ssim": 0.7584883132576943,
      "synthetic_lee": 0.31035606367513535,
      "synthetic_nai": 1.227961831688881,
      "synthetic_input_psnr": 11.220927743911743,
      "synthetic_identity_drop": 6.7387665843963624,
      "synthetic_q_ece": 0.5754352542757988,
      "synthetic_over": 8.81618930179684e-07,
      "synthetic_under": 0.0,
      "synthetic_E_MAE": 0.6568364768475294,
      "synthetic_E_MAE_aligned": 0.4606095265969634,
      "synthetic_E_corr": 0.8296692168712616,
      "elapsed_sec_total": 143.70854139328003
    },
    {
      "run": "p5_p5_rd_t03_m4j_eshape_retinexformer_distill_t03",
      "variant_id": "P5_RD_T03",
      "variant_name": "m4j_eshape_retinexformer_distill_t03",
      "steps": 1000,
      "train_crop": 128,
      "batch_size": 8,
      "gpu": 0,
      "elapsed_sec_train": 9.1552734375e-05,
      "run_dir": "/home/user/a1_rlef_project/experiments/p5_p5_rd_t03_m4j_eshape_retinexformer_distill_t03_seed3407",
      "log": "/home/user/a1_rlef_project/logs/p5_retinex_distill/p5_p5_rd_t03_m4j_eshape_retinexformer_distill_t03.log",
      "uefb_psnr": 18.169327835083006,
      "uefb_ssim": 0.8078151658773423,
      "uefb_lee": 0.2596235631071031,
      "uefb_nai": 1.6877005574703217,
      "uefb_input_psnr": 12.995622906684876,
      "uefb_identity_drop": 5.1737049283981325,
      "uefb_q_ece": 0.4175668931007385,
      "uefb_over": 3.7231445958241237e-06,
      "uefb_under": 5.27445486986835e-05,
      "uefb_E_MAE": 0.2751229048073292,
      "uefb_E_MAE_aligned": 0.19769535190612078,
      "uefb_E_corr": 0.4415608000125503,
      "real_psnr": 20.41608717918396,
      "real_ssim": 0.7917479854822159,
      "real_lee": 0.2202796434983611,
      "real_nai": 2.374165753126144,
      "real_input_psnr": 9.718215217590332,
      "real_identity_drop": 10.697871956825256,
      "real_q_ece": 0.5383900864422322,
      "real_over": 4.1375000046173226e-05,
      "real_under": 0.0,
      "real_E_MAE": 0.6051369617879391,
      "real_E_MAE_aligned": 0.31032046213746073,
      "real_E_corr": 0.6205811628699303,
      "synthetic_psnr": 16.99575227737427,
      "synthetic_ssim": 0.7373568013310432,
      "synthetic_lee": 0.3961675141938031,
      "synthetic_nai": 1.2294617819786071,
      "synthetic_input_psnr": 11.220927743911743,
      "synthetic_identity_drop": 5.774824538230896,
      "synthetic_q_ece": 0.5761465239524841,
      "synthetic_over": 9.058069470484042e-05,
      "synthetic_under": 0.0,
      "synthetic_E_MAE": 0.8390590938739478,
      "synthetic_E_MAE_aligned": 0.5273175024613738,
      "synthetic_E_corr": 0.8041946697235107,
      "elapsed_sec_total": 19.62018370628357
    }
  ]
}