{
  "runs": [
    {
      "run": "p6_p6_ms_m4j_es_m4j_eshape_multiscale_backbone",
      "variant_id": "P6_MS_M4J_ES",
      "variant_name": "m4j_eshape_multiscale_backbone",
      "seed": 3407,
      "backbone": "multiscale",
      "backbone_blocks": 3,
      "steps": 1000,
      "train_crop": 128,
      "batch_size": 8,
      "gpu": 0,
      "elapsed_sec_train": 107.29817628860474,
      "run_dir": "/home/user/a1_rlef_project/experiments/p6_p6_ms_m4j_es_m4j_eshape_multiscale_backbone_seed3407",
      "config": "/home/user/a1_rlef_project/configs/p6_structural_backbone/p6_p6_ms_m4j_es_m4j_eshape_multiscale_backbone.yml",
      "log": "/home/user/a1_rlef_project/logs/p6_structural_backbone/p6_p6_ms_m4j_es_m4j_eshape_multiscale_backbone.log",
      "uefb_psnr": 18.01507918548584,
      "uefb_ssim": 0.8042977310419083,
      "uefb_lee": 0.26751686445623635,
      "uefb_nai": 1.7051438660621643,
      "uefb_input_psnr": 12.995622906684876,
      "uefb_identity_drop": 5.019456279754639,
      "uefb_q_ece": 0.4218419110774994,
      "uefb_over": 1.413981207406323e-06,
      "uefb_under": 0.0,
      "uefb_E_MAE": 0.26866154417395594,
      "uefb_E_MAE_aligned": 0.1937878990396857,
      "uefb_E_corr": 0.46372391109215094,
      "real_psnr": 20.196916770935058,
      "real_ssim": 0.7847263890504838,
      "real_lee": 0.21442044503986835,
      "real_nai": 2.404168084859848,
      "real_input_psnr": 9.718215217590332,
      "real_identity_drop": 10.47870156288147,
      "real_q_ece": 0.5365916293859482,
      "real_over": 2.4430555622529937e-05,
      "real_under": 0.0,
      "real_E_MAE": 0.35339568242430686,
      "real_E_MAE_aligned": 0.2716810696572065,
      "real_E_corr": 0.6288594188913703,
      "synthetic_psnr": 17.59765707015991,
      "synthetic_ssim": 0.7592092883586884,
      "synthetic_lee": 0.3095694976858795,
      "synthetic_nai": 1.2588043957948685,
      "synthetic_input_psnr": 11.220927743911743,
      "synthetic_identity_drop": 6.376729316711426,
      "synthetic_q_ece": 0.578538883626461,
      "synthetic_over": 4.295066569284245e-06,
      "synthetic_under": 0.0,
      "synthetic_E_MAE": 0.5490597989596426,
      "synthetic_E_MAE_aligned": 0.48398508489131925,
      "synthetic_E_corr": 0.8119656559824944,
      "elapsed_sec_total": 126.32092428207397
    }
  ],
  "promotion": [
    false
  ]
}