{
  "runs": [
    {
      "run": "p6b_p6b_ms_syn105_m4j_eshape_multiscale_synprotect_rec105",
      "variant_id": "P6B_MS_SYN105",
      "variant_name": "m4j_eshape_multiscale_synprotect_rec105",
      "seed": 3407,
      "backbone": "multiscale",
      "backbone_blocks": 3,
      "synthetic_rec_weight": 1.05,
      "steps": 1000,
      "train_crop": 128,
      "batch_size": 8,
      "gpu": 1,
      "elapsed_sec_train": 106.33276581764221,
      "run_dir": "/home/user/a1_rlef_project/experiments/p6b_p6b_ms_syn105_m4j_eshape_multiscale_synprotect_rec105_seed3407",
      "config": "/home/user/a1_rlef_project/configs/p6b_synprotect/p6b_p6b_ms_syn105_m4j_eshape_multiscale_synprotect_rec105.yml",
      "log": "/home/user/a1_rlef_project/logs/p6b_synprotect/p6b_p6b_ms_syn105_m4j_eshape_multiscale_synprotect_rec105.log",
      "uefb_psnr": 17.34728762245178,
      "uefb_ssim": 0.7939554097652435,
      "uefb_lee": 0.28756894819438455,
      "uefb_nai": 1.8203433566093445,
      "uefb_input_psnr": 12.995622906684876,
      "uefb_identity_drop": 4.351664714813232,
      "uefb_q_ece": 0.4553847670853138,
      "uefb_over": 0.00046641033062951465,
      "uefb_under": 0.0,
      "uefb_E_MAE": 0.2624066978693008,
      "uefb_E_MAE_aligned": 0.18607965636625887,
      "uefb_E_corr": 0.48579893982852446,
      "real_psnr": 19.996015977859496,
      "real_ssim": 0.7946227008104324,
      "real_lee": 0.23288242161273956,
      "real_nai": 2.609573969841003,
      "real_input_psnr": 9.718215217590332,
      "real_identity_drop": 10.277800769805909,
      "real_q_ece": 0.5658954457938671,
      "real_over": 6.648611161836016e-05,
      "real_under": 0.0,
      "real_E_MAE": 0.35355374559760094,
      "real_E_MAE_aligned": 0.2871336716413498,
      "real_E_corr": 0.6437979345023632,
      "synthetic_psnr": 18.70765727043152,
      "synthetic_ssim": 0.7955880925059319,
      "synthetic_lee": 0.25742175061255695,
      "synthetic_nai": 1.452338594198227,
      "synthetic_input_psnr": 11.220927743911743,
      "synthetic_identity_drop": 7.486729516983032,
      "synthetic_q_ece": 0.5861157038807869,
      "synthetic_over": 0.0006106906665354473,
      "synthetic_under": 0.0,
      "synthetic_E_MAE": 0.6172448767721653,
      "synthetic_E_MAE_aligned": 0.5295654548704625,
      "synthetic_E_corr": 0.7851948140561581,
      "elapsed_sec_total": 125.13928198814392
    },
    {
      "run": "p6b_p6b_ms_syn110_m4j_eshape_multiscale_synprotect_rec110",
      "variant_id": "P6B_MS_SYN110",
      "variant_name": "m4j_eshape_multiscale_synprotect_rec110",
      "seed": 3407,
      "backbone": "multiscale",
      "backbone_blocks": 3,
      "synthetic_rec_weight": 1.1,
      "steps": 1000,
      "train_crop": 128,
      "batch_size": 8,
      "gpu": 1,
      "elapsed_sec_train": 107.83373403549194,
      "run_dir": "/home/user/a1_rlef_project/experiments/p6b_p6b_ms_syn110_m4j_eshape_multiscale_synprotect_rec110_seed3407",
      "config": "/home/user/a1_rlef_project/configs/p6b_synprotect/p6b_p6b_ms_syn110_m4j_eshape_multiscale_synprotect_rec110.yml",
      "log": "/home/user/a1_rlef_project/logs/p6b_synprotect/p6b_p6b_ms_syn110_m4j_eshape_multiscale_synprotect_rec110.log",
      "uefb_psnr": 17.220450368881224,
      "uefb_ssim": 0.7894929777979851,
      "uefb_lee": 0.29559828704968094,
      "uefb_nai": 1.8230770202875137,
      "uefb_input_psnr": 12.995622906684876,
      "uefb_identity_drop": 4.224827463150024,
      "uefb_q_ece": 0.45865126821398733,
      "uefb_over": 0.00017304484558644618,
      "uefb_under": 0.0,
      "uefb_E_MAE": 0.29845377412438395,
      "uefb_E_MAE_aligned": 0.18667296978086234,
      "uefb_E_corr": 0.45890038813115097,
      "real_psnr": 19.569004468917846,
      "real_ssim": 0.7914669567346573,
      "real_lee": 0.2400502673536539,
      "real_nai": 2.569713770151138,
      "real_input_psnr": 9.718215217590332,
      "real_identity_drop": 9.850789260864257,
      "real_q_ece": 0.5647083288431167,
      "real_over": 4.673611185353366e-05,
      "real_under": 0.0,
      "real_E_MAE": 0.3519477605819702,
      "real_E_MAE_aligned": 0.26546886675059794,
      "real_E_corr": 0.6803681623935699,
      "synthetic_psnr": 18.947991571426392,
      "synthetic_ssim": 0.7980414548516274,
      "synthetic_lee": 0.24427858335897326,
      "synthetic_nai": 1.4180347156524657,
      "synthetic_input_psnr": 11.220927743911743,
      "synthetic_identity_drop": 7.727063817977905,
      "synthetic_q_ece": 0.5800510957837105,
      "synthetic_over": 0.0005516221652897002,
      "synthetic_under": 0.0,
      "synthetic_E_MAE": 0.5787837974727154,
      "synthetic_E_MAE_aligned": 0.49948014033958316,
      "synthetic_E_corr": 0.8176507014036178,
      "elapsed_sec_total": 126.62404561042786
    },
    {
      "run": "p6b_p6b_ms_syn125_m4j_eshape_multiscale_synprotect_rec125",
      "variant_id": "P6B_MS_SYN125",
      "variant_name": "m4j_eshape_multiscale_synprotect_rec125",
      "seed": 3407,
      "backbone": "multiscale",
      "backbone_blocks": 3,
      "synthetic_rec_weight": 1.25,
      "steps": 1000,
      "train_crop": 128,
      "batch_size": 8,
      "gpu": 1,
      "elapsed_sec_train": 0.00011682510375976562,
      "run_dir": "/home/user/a1_rlef_project/experiments/p6b_p6b_ms_syn125_m4j_eshape_multiscale_synprotect_rec125_seed3407",
      "config": "/home/user/a1_rlef_project/configs/p6b_synprotect/p6b_p6b_ms_syn125_m4j_eshape_multiscale_synprotect_rec125.yml",
      "log": "/home/user/a1_rlef_project/logs/p6b_synprotect/p6b_p6b_ms_syn125_m4j_eshape_multiscale_synprotect_rec125.log",
      "uefb_psnr": 16.894212909698485,
      "uefb_ssim": 0.7831917509436608,
      "uefb_lee": 0.3077705564722419,
      "uefb_nai": 1.863082260966301,
      "uefb_input_psnr": 12.995622906684876,
      "uefb_identity_drop": 3.8985900020599367,
      "uefb_q_ece": 0.4718362773656845,
      "uefb_over": 7.251994087800994e-05,
      "uefb_under": 0.0,
      "uefb_E_MAE": 0.2910667857117951,
      "uefb_E_MAE_aligned": 0.18476167907752097,
      "uefb_E_corr": 0.47469518675841393,
      "real_psnr": 19.482140922546385,
      "real_ssim": 0.7917910540103912,
      "real_lee": 0.24987624507397413,
      "real_nai": 2.6264289307594297,
      "real_input_psnr": 9.718215217590332,
      "real_identity_drop": 9.763925714492798,
      "real_q_ece": 0.5833424055576324,
      "real_over": 6.700000048567745e-05,
      "real_under": 0.0,
      "real_E_MAE": 0.3443378621339798,
      "real_E_MAE_aligned": 0.2754822470992804,
      "real_E_corr": 0.6789291420578957,
      "synthetic_psnr": 19.115190801620482,
      "synthetic_ssim": 0.8043560448288918,
      "synthetic_lee": 0.23654945781454445,
      "synthetic_nai": 1.43540103495121,
      "synthetic_input_psnr": 11.220927743911743,
      "synthetic_identity_drop": 7.8942630577087405,
      "synthetic_q_ece": 0.5863603734970093,
      "synthetic_over": 0.00044345433385842623,
      "synthetic_under": 0.0,
      "synthetic_E_MAE": 0.6098522741347552,
      "synthetic_E_MAE_aligned": 0.5193725615553558,
      "synthetic_E_corr": 0.7932868549227714,
      "elapsed_sec_total": 0.00034689903259277344
    },
    {
      "run": "p6b_p6b_ms_syn150_m4j_eshape_multiscale_synprotect_rec150",
      "variant_id": "P6B_MS_SYN150",
      "variant_name": "m4j_eshape_multiscale_synprotect_rec150",
      "seed": 3407,
      "backbone": "multiscale",
      "backbone_blocks": 3,
      "synthetic_rec_weight": 1.5,
      "steps": 1000,
      "train_crop": 128,
      "batch_size": 8,
      "gpu": 1,
      "elapsed_sec_train": 9.083747863769531e-05,
      "run_dir": "/home/user/a1_rlef_project/experiments/p6b_p6b_ms_syn150_m4j_eshape_multiscale_synprotect_rec150_seed3407",
      "config": "/home/user/a1_rlef_project/configs/p6b_synprotect/p6b_p6b_ms_syn150_m4j_eshape_multiscale_synprotect_rec150.yml",
      "log": "/home/user/a1_rlef_project/logs/p6b_synprotect/p6b_p6b_ms_syn150_m4j_eshape_multiscale_synprotect_rec150.log",
      "uefb_psnr": 16.452310232162475,