{
  "runs": [
    {
      "run": "p6c_p6c_ms_gateid005_m4j_eshape_multiscale_gate_identity005",
      "variant_id": "P6C_MS_GATEID005",
      "variant_name": "m4j_eshape_multiscale_gate_identity005",
      "seed": 3407,
      "backbone": "multiscale",
      "backbone_blocks": 3,
      "gate_weight": 0.02,
      "gate_identity_weight": 0.005,
      "steps": 1000,
      "train_crop": 128,
      "batch_size": 8,
      "gpu": 1,
      "elapsed_sec_train": 104.12986707687378,
      "run_dir": "/home/user/a1_rlef_project/experiments/p6c_p6c_ms_gateid005_m4j_eshape_multiscale_gate_identity005_seed3407",
      "config": "/home/user/a1_rlef_project/configs/p6c_gateprotect/p6c_p6c_ms_gateid005_m4j_eshape_multiscale_gate_identity005.yml",
      "log": "/home/user/a1_rlef_project/logs/p6c_gateprotect/p6c_p6c_ms_gateid005_m4j_eshape_multiscale_gate_identity005.log",
      "uefb_psnr": 17.604479446411133,
      "uefb_ssim": 0.8022428329586982,
      "uefb_lee": 0.2743759913817048,
      "uefb_nai": 1.6977855826616288,
      "uefb_input_psnr": 12.995622906684876,
      "uefb_identity_drop": 4.608856534957885,
      "uefb_q_ece": 0.43374895983934403,
      "uefb_over": 1.1088053779531037e-06,
      "uefb_under": 0.0,
      "uefb_E_MAE": 0.27299524390697477,
      "uefb_E_MAE_aligned": 0.20094230479747058,
      "uefb_E_corr": 0.4546149187099654,
      "real_psnr": 20.45649332046509,
      "real_ssim": 0.7888054418563842,
      "real_lee": 0.2101771605759859,
      "real_nai": 2.3517996788024904,
      "real_input_psnr": 9.718215217590332,
      "real_identity_drop": 10.7382781124115,
      "real_q_ece": 0.5372219528257847,
      "real_over": 3.643055589691357e-05,
      "real_under": 0.0,
      "real_E_MAE": 0.3474002626538277,
      "real_E_MAE_aligned": 0.2835200775414705,
      "real_E_corr": 0.597949806842953,
      "synthetic_psnr": 17.549940328598023,
      "synthetic_ssim": 0.7594983342289925,
      "synthetic_lee": 0.3105840597487986,
      "synthetic_nai": 1.2540219515562057,
      "synthetic_input_psnr": 11.220927743911743,
      "synthetic_identity_drop": 6.329012579917908,
      "synthetic_q_ece": 0.5769839385151863,
      "synthetic_over": 7.482458286176552e-06,
      "synthetic_under": 0.0,
      "synthetic_E_MAE": 0.5280763177946209,
      "synthetic_E_MAE_aligned": 0.45917023953050373,
      "synthetic_E_corr": 0.834482163488865,
      "elapsed_sec_total": 122.29829812049866
    },
    {
      "run": "p6c_p6c_ms_gateid010_m4j_eshape_multiscale_gate_identity010",
      "variant_id": "P6C_MS_GATEID010",
      "variant_name": "m4j_eshape_multiscale_gate_identity010",
      "seed": 3407,
      "backbone": "multiscale",
      "backbone_blocks": 3,
      "gate_weight": 0.02,
      "gate_identity_weight": 0.01,
      "steps": 1000,
      "train_crop": 128,
      "batch_size": 8,
      "gpu": 1,
      "elapsed_sec_train": 103.69942879676819,
      "run_dir": "/home/user/a1_rlef_project/experiments/p6c_p6c_ms_gateid010_m4j_eshape_multiscale_gate_identity010_seed3407",
      "config": "/home/user/a1_rlef_project/configs/p6c_gateprotect/p6c_p6c_ms_gateid010_m4j_eshape_multiscale_gate_identity010.yml",
      "log": "/home/user/a1_rlef_project/logs/p6c_gateprotect/p6c_p6c_ms_gateid010_m4j_eshape_multiscale_gate_identity010.log",
      "uefb_psnr": 17.650664937973023,
      "uefb_ssim": 0.8042102547287941,
      "uefb_lee": 0.2713068579733372,
      "uefb_nai": 1.743343134045601,
      "uefb_input_psnr": 12.995622906684876,
      "uefb_identity_drop": 4.655042031288147,
      "uefb_q_ece": 0.42230663208663466,
      "uefb_over": 1.5360514917119872e-06,
      "uefb_under": 0.0,
      "uefb_E_MAE": 0.2793820172995329,
      "uefb_E_MAE_aligned": 0.19020290032029152,
      "uefb_E_corr": 0.49500026272190734,
      "real_psnr": 19.817709140777588,
      "real_ssim": 0.7721729511022568,
      "real_lee": 0.23286661356687546,
      "real_nai": 2.5059072303771974,
      "real_input_psnr": 9.718215217590332,
      "real_identity_drop": 10.099493932723998,
      "real_q_ece": 0.5349542412161827,
      "real_over": 3.226388974326255e-05,
      "real_under": 0.0,
      "real_E_MAE": 0.3272415198385715,
      "real_E_MAE_aligned": 0.24629306599497794,
      "real_E_corr": 0.6711847257614135,
      "synthetic_psnr": 17.889519605636597,
      "synthetic_ssim": 0.7658121675252915,
      "synthetic_lee": 0.29747765433043244,
      "synthetic_nai": 1.2687751352787018,
      "synthetic_input_psnr": 11.220927743911743,
      "synthetic_identity_drop": 6.6685918521881105,
      "synthetic_q_ece": 0.5697656300663948,
      "synthetic_over": 1.0602033030409075e-05,
      "synthetic_under": 1.1302807251922786e-07,
      "synthetic_E_MAE": 0.49785848416388034,
      "synthetic_E_MAE_aligned": 0.4093482798337936,
      "synthetic_E_corr": 0.8547300368547439,
      "elapsed_sec_total": 121.69797873497009
    },
    {
      "run": "p6c_p6c_ms_gatelow005_m4j_eshape_multiscale_gate_weight005",
      "variant_id": "P6C_MS_GATELOW005",
      "variant_name": "m4j_eshape_multiscale_gate_weight005",
      "seed": 3407,
      "backbone": "multiscale",
      "backbone_blocks": 3,
      "gate_weight": 0.005,
      "gate_identity_weight": 0.0,
      "steps": 1000,
      "train_crop": 128,
      "batch_size": 8,
      "gpu": 1,
      "elapsed_sec_train": 100.71615862846375,
      "run_dir": "/home/user/a1_rlef_project/experiments/p6c_p6c_ms_gatelow005_m4j_eshape_multiscale_gate_weight005_seed3407",
      "config": "/home/user/a1_rlef_project/configs/p6c_gateprotect/p6c_p6c_ms_gatelow005_m4j_eshape_multiscale_gate_weight005.yml",
      "log": "/home/user/a1_rlef_project/logs/p6c_gateprotect/p6c_p6c_ms_gatelow005_m4j_eshape_multiscale_gate_weight005.log",
      "uefb_psnr": 18.045519947052004,
      "uefb_ssim": 0.8009635000228882,
      "uefb_lee": 0.2696015094444156,
      "uefb_nai": 1.721859979391098,
      "uefb_input_psnr": 12.995622906684876,
      "uefb_identity_drop": 5.049897042274475,
      "uefb_q_ece": 0.40883901315927507,
      "uefb_over": 0.0004289042303298629,
      "uefb_under": 0.0,
      "uefb_E_MAE": 0.26024468598142264,
      "uefb_E_MAE_aligned": 0.18701247788220643,
      "uefb_E_corr": 0.4893321904027835,
      "real_psnr": 19.831391124725343,
      "real_ssim": 0.7796929395198822,
      "real_lee": 0.23386269703507423,
      "real_nai": 2.429990358352661,
      "real_input_psnr": 9.718215217590332,
      "real_identity_drop": 10.113175911903381,
      "real_q_ece": 0.5394898453354835,
      "real_over": 2.4388889319197915e-05,
      "real_under": 0.0,
      "real_E_MAE": 0.361205679923296,
      "real_E_MAE_aligned": 0.2858444292098284,
      "real_E_corr": 0.5824910935759544,
      "synthetic_psnr": 17.421976776123046,
      "synthetic_ssim": 0.7515624159574509,
      "synthetic_lee": 0.3313578944094479,
      "synthetic_nai": 1.2731668281555175,
      "synthetic_input_psnr": 11.220927743911743,
      "synthetic_identity_drop": 6.201049027442932,
      "synthetic_q_ece": 0.5848909425735473,
      "synthetic_over": 0.0005898708808672381,
      "synthetic_under": 0.0,
      "synthetic_E_MAE": 0.5790072459727525,
      "synthetic_E_MAE_aligned": 0.509205759037286,
      "synthetic_E_corr": 0.7791253143921495,
      "elapsed_sec_total": 118.76306581497192
    },
    {
      "run": "p6c_p6c_ms_b2_gateid005_m4j_eshape_multiscale_blocks2_gate_identity005",
      "variant_id": "P6C_MS_B2_GATEID005",
      "variant_name": "m4j_eshape_multiscale_blocks2_gate_identity005",
      "seed": 3407,
      "backbone": "multiscale",
      "backbone_blocks": 2,
      "gate_weight": 0.02,
      "gate_identity_weight": 0.005,
      "steps": 1000,
      "train_crop": 128,
      "batch_size": 8,
      "gpu": 1,
      "elapsed_sec_train": 108.78041124343872,
      "run_dir": "/home/user/a1_rlef_project/experiments/p6c_p6c_ms_b2_gateid005_m4j_eshape_multiscale_blocks2_gate_identity005_seed3407",