{
  "runs": [
    {
      "run": "p7_p7_ms_dgate_m4j_eshape_multiscale_domain_gate_bias",
      "variant_id": "P7_MS_DGATE",
      "variant_name": "m4j_eshape_multiscale_domain_gate_bias",
      "seed": 3407,
      "backbone": "multiscale",
      "backbone_blocks": 3,
      "domain_adapter": "gate_bias",
      "steps": 1000,
      "train_crop": 128,
      "batch_size": 8,
      "gpu": 0,
      "elapsed_sec_train": 112.26435923576355,
      "run_dir": "/home/user/a1_rlef_project/experiments/p7_p7_ms_dgate_m4j_eshape_multiscale_domain_gate_bias_seed3407",
      "config": "/home/user/a1_rlef_project/configs/p7_domainhead/p7_p7_ms_dgate_m4j_eshape_multiscale_domain_gate_bias.yml",
      "log": "/home/user/a1_rlef_project/logs/p7_domainhead/p7_p7_ms_dgate_m4j_eshape_multiscale_domain_gate_bias.log",
      "uefb_psnr": 17.601916915893554,
      "uefb_ssim": 0.8035897070169449,
      "uefb_lee": 0.2726340734027326,
      "uefb_nai": 1.7999929208755494,
      "uefb_input_psnr": 12.995622906684876,
      "uefb_identity_drop": 4.606294008255005,
      "uefb_q_ece": 0.41255915431678297,
      "uefb_over": 5.025227913392882e-06,
      "uefb_under": 2.421061249151535e-06,
      "uefb_E_MAE": 0.2551220561489463,
      "uefb_E_MAE_aligned": 0.1910649126879871,
      "uefb_E_corr": 0.4851840671946993,
      "real_psnr": 19.30850784301758,
      "real_ssim": 0.7641607505083085,
      "real_lee": 0.25548462346196177,
      "real_nai": 2.564224326610565,
      "real_input_psnr": 9.718215217590332,
      "real_identity_drop": 9.590292634963989,
      "real_q_ece": 0.5295504614710808,
      "real_over": 5.026388857913844e-05,
      "real_under": 1.6666666397213703e-07,
      "real_E_MAE": 0.39168829143047335,
      "real_E_MAE_aligned": 0.2761362883448601,
      "real_E_corr": 0.6951754945516586,
      "synthetic_psnr": 17.02457058906555,
      "synthetic_ssim": 0.7409483829140663,
      "synthetic_lee": 0.3673315010406077,
      "synthetic_nai": 1.2767570626735687,
      "synthetic_input_psnr": 11.220927743911743,
      "synthetic_identity_drop": 5.803642845153808,
      "synthetic_q_ece": 0.5420474401116371,
      "synthetic_over": 4.12326398463847e-05,
      "synthetic_under": 0.0,
      "synthetic_E_MAE": 0.5924675460904837,
      "synthetic_E_MAE_aligned": 0.48994173606857655,
      "synthetic_E_corr": 0.8388273733854293,
      "elapsed_sec_total": 131.3311848640442
    },
    {
      "run": "p7_p7_ms_dhead_m4j_eshape_multiscale_domain_head_bias",
      "variant_id": "P7_MS_DHEAD",
      "variant_name": "m4j_eshape_multiscale_domain_head_bias",
      "seed": 3407,
      "backbone": "multiscale",
      "backbone_blocks": 3,
      "domain_adapter": "head_bias",
      "steps": 1000,
      "train_crop": 128,
      "batch_size": 8,
      "gpu": 0,
      "elapsed_sec_train": 103.99388575553894,
      "run_dir": "/home/user/a1_rlef_project/experiments/p7_p7_ms_dhead_m4j_eshape_multiscale_domain_head_bias_seed3407",
      "config": "/home/user/a1_rlef_project/configs/p7_domainhead/p7_p7_ms_dhead_m4j_eshape_multiscale_domain_head_bias.yml",
      "log": "/home/user/a1_rlef_project/logs/p7_domainhead/p7_p7_ms_dhead_m4j_eshape_multiscale_domain_head_bias.log",
      "uefb_psnr": 18.232473875045777,
      "uefb_ssim": 0.8093768837451935,
      "uefb_lee": 0.25997458352521063,
      "uefb_nai": 1.8524445395469666,
      "uefb_input_psnr": 12.995622906684876,
      "uefb_identity_drop": 5.236850964546203,
      "uefb_q_ece": 0.42074926307797433,
      "uefb_over": 0.0,
      "uefb_under": 6.103515625e-08,
      "uefb_E_MAE": 0.2689545268267393,
      "uefb_E_MAE_aligned": 0.19290224832016975,
      "uefb_E_corr": 0.4490452868444845,
      "real_psnr": 19.208695125579833,
      "real_ssim": 0.7790803456306458,
      "real_lee": 0.23920388791710137,
      "real_nai": 2.7905225801467894,
      "real_input_psnr": 9.718215217590332,
      "real_identity_drop": 9.490479917526246,
      "real_q_ece": 0.5769497182965279,
      "real_over": 3.976388887167559e-05,
      "real_under": 0.0,
      "real_E_MAE": 0.3355371432751417,
      "real_E_MAE_aligned": 0.24671085514128208,
      "real_E_corr": 0.7062419405579567,
      "synthetic_psnr": 17.91337393760681,
      "synthetic_ssim": 0.7733059400320053,
      "synthetic_lee": 0.2867071031406522,
      "synthetic_nai": 1.385512273311615,
      "synthetic_input_psnr": 11.220927743911743,
      "synthetic_identity_drop": 6.692446184158325,
      "synthetic_q_ece": 0.5802710089087486,
      "synthetic_over": 1.1754919160011923e-06,
      "synthetic_under": 0.0,
      "synthetic_E_MAE": 0.5141088584810496,
      "synthetic_E_MAE_aligned": 0.4425704044103622,
      "synthetic_E_corr": 0.8266446921229362,
      "elapsed_sec_total": 122.69202017784119
    },
    {
      "run": "p7_p7_ms_daffine_gate_m4j_eshape_multiscale_domain_affine_gate",
      "variant_id": "P7_MS_DAFFINE_GATE",
      "variant_name": "m4j_eshape_multiscale_domain_affine_gate",
      "seed": 3407,
      "backbone": "multiscale",
      "backbone_blocks": 3,
      "domain_adapter": "feature_affine+gate_bias",
      "steps": 1000,
      "train_crop": 128,
      "batch_size": 8,
      "gpu": 0,
      "elapsed_sec_train": 107.75242877006531,
      "run_dir": "/home/user/a1_rlef_project/experiments/p7_p7_ms_daffine_gate_m4j_eshape_multiscale_domain_affine_gate_seed3407",
      "config": "/home/user/a1_rlef_project/configs/p7_domainhead/p7_p7_ms_daffine_gate_m4j_eshape_multiscale_domain_affine_gate.yml",
      "log": "/home/user/a1_rlef_project/logs/p7_domainhead/p7_p7_ms_daffine_gate_m4j_eshape_multiscale_domain_affine_gate.log",
      "uefb_psnr": 17.532630689620973,
      "uefb_ssim": 0.8061758613586426,
      "uefb_lee": 0.2689665741696954,
      "uefb_nai": 1.6639608191251756,
      "uefb_input_psnr": 12.995622906684876,
      "uefb_identity_drop": 4.537007780075073,
      "uefb_q_ece": 0.42019942732155324,
      "uefb_over": 3.702799617713026e-06,
      "uefb_under": 1.0172526344831567e-08,
      "uefb_E_MAE": 0.27091836611926556,
      "uefb_E_MAE_aligned": 0.18839936379343272,
      "uefb_E_corr": 0.4859486765139736,
      "real_psnr": 17.020582294464113,
      "real_ssim": 0.7462387198209762,
      "real_lee": 0.3072052016109228,
      "real_nai": 2.611040780544281,
      "real_input_psnr": 9.718215217590332,
      "real_identity_drop": 7.302367086410523,
      "real_q_ece": 0.5947476354241371,
      "real_over": 6.305555725703016e-06,
      "real_under": 0.0,
      "real_E_MAE": 0.3817735850811005,
      "real_E_MAE_aligned": 0.28115580208599567,
      "real_E_corr": 0.6396600794792175,
      "synthetic_psnr": 18.124069623947143,
      "synthetic_ssim": 0.7703119447827339,
      "synthetic_lee": 0.27059455882757905,
      "synthetic_nai": 1.3307714760303497,
      "synthetic_input_psnr": 11.220927743911743,
      "synthetic_identity_drop": 6.903141884803772,
      "synthetic_q_ece": 0.5296911412477493,
      "synthetic_over": 3.0291523071355186e-05,
      "synthetic_under": 0.0,
      "synthetic_E_MAE": 0.6036114075779915,
      "synthetic_E_MAE_aligned": 0.5079653227701784,
      "synthetic_E_corr": 0.7830202689766884,
      "elapsed_sec_total": 126.55271005630493
    }
  ],
  "promotion": [
    false,
    false,
    false
  ]
}