{
  "runs": [
    {
      "run": "p7b_p7b_dhead_ra001_m4j_eshape_multiscale_dhead_realanchor001",
      "variant_id": "P7B_DHEAD_RA001",
      "variant_name": "m4j_eshape_multiscale_dhead_realanchor001",
      "seed": 3407,
      "backbone": "multiscale",
      "backbone_blocks": 3,
      "domain_adapter": "head_bias",
      "real_anchor_weight": 0.001,
      "steps": 1000,
      "train_crop": 128,
      "batch_size": 8,
      "gpu": 0,
      "elapsed_sec_train": 102.69968581199646,
      "run_dir": "/home/user/a1_rlef_project/experiments/p7b_p7b_dhead_ra001_m4j_eshape_multiscale_dhead_realanchor001_seed3407",
      "config": "/home/user/a1_rlef_project/configs/p7b_realanchor/p7b_p7b_dhead_ra001_m4j_eshape_multiscale_dhead_realanchor001.yml",
      "log": "/home/user/a1_rlef_project/logs/p7b_realanchor/p7b_p7b_dhead_ra001_m4j_eshape_multiscale_dhead_realanchor001.log",
      "uefb_psnr": 18.190224195480347,
      "uefb_ssim": 0.8089143018722534,
      "uefb_lee": 0.2644984512925148,
      "uefb_nai": 1.8154644405841827,
      "uefb_input_psnr": 12.995622906684876,
      "uefb_identity_drop": 5.1946012945175175,
      "uefb_q_ece": 0.43151945362985134,
      "uefb_over": 0.0,
      "uefb_under": 0.0,
      "uefb_E_MAE": 0.2722484273277223,
      "uefb_E_MAE_aligned": 0.19672581127937883,
      "uefb_E_corr": 0.454693185932003,
      "real_psnr": 19.126795558929444,
      "real_ssim": 0.7814832109212876,
      "real_lee": 0.24521507762372494,
      "real_nai": 2.696107932329178,
      "real_input_psnr": 9.718215217590332,
      "real_identity_drop": 9.408580350875855,
      "real_q_ece": 0.5743414810299874,
      "real_over": 2.4513888934052375e-05,
      "real_under": 0.0,
      "real_E_MAE": 0.3278607299923897,
      "real_E_MAE_aligned": 0.23914959624409676,
      "real_E_corr": 0.7190109038352966,
      "synthetic_psnr": 17.516896619796753,
      "synthetic_ssim": 0.7687361150979996,
      "synthetic_lee": 0.30230819022282956,
      "synthetic_nai": 1.3578166848421096,
      "synthetic_input_psnr": 11.220927743911743,
      "synthetic_identity_drop": 6.295968866348266,
      "synthetic_q_ece": 0.5757299801707267,
      "synthetic_over": 6.781684123779997e-07,
      "synthetic_under": 0.0,
      "synthetic_E_MAE": 0.5319085849076509,
      "synthetic_E_MAE_aligned": 0.4560896810889244,
      "synthetic_E_corr": 0.8234193468093872,
      "elapsed_sec_total": 121.38956952095032
    },
    {
      "run": "p7b_p7b_dhead_ra005_m4j_eshape_multiscale_dhead_realanchor005",
      "variant_id": "P7B_DHEAD_RA005",
      "variant_name": "m4j_eshape_multiscale_dhead_realanchor005",
      "seed": 3407,
      "backbone": "multiscale",
      "backbone_blocks": 3,
      "domain_adapter": "head_bias",
      "real_anchor_weight": 0.005,
      "steps": 1000,
      "train_crop": 128,
      "batch_size": 8,
      "gpu": 0,
      "elapsed_sec_train": 102.78210186958313,
      "run_dir": "/home/user/a1_rlef_project/experiments/p7b_p7b_dhead_ra005_m4j_eshape_multiscale_dhead_realanchor005_seed3407",
      "config": "/home/user/a1_rlef_project/configs/p7b_realanchor/p7b_p7b_dhead_ra005_m4j_eshape_multiscale_dhead_realanchor005.yml",
      "log": "/home/user/a1_rlef_project/logs/p7b_realanchor/p7b_p7b_dhead_ra005_m4j_eshape_multiscale_dhead_realanchor005.log",
      "uefb_psnr": 17.93638457298279,
      "uefb_ssim": 0.8069130313396454,
      "uefb_lee": 0.26853780007734895,
      "uefb_nai": 1.8279768855571747,
      "uefb_input_psnr": 12.995622906684876,
      "uefb_identity_drop": 4.9407616653442386,
      "uefb_q_ece": 0.43044135041534903,
      "uefb_over": 3.7536622849074774e-06,
      "uefb_under": 0.0,
      "uefb_E_MAE": 0.2831722668707371,
      "uefb_E_MAE_aligned": 0.1972381222182885,
      "uefb_E_corr": 0.4398751827403903,
      "real_psnr": 19.0584645652771,
      "real_ssim": 0.7829081624746322,
      "real_lee": 0.2470321936160326,
      "real_nai": 2.654737958908081,
      "real_input_psnr": 9.718215217590332,
      "real_identity_drop": 9.340249357223511,
      "real_q_ece": 0.5768877705931663,
      "real_over": 5.4750001249885824e-05,
      "real_under": 0.0,
      "real_E_MAE": 0.3768216177821159,
      "real_E_MAE_aligned": 0.2432049533724785,
      "real_E_corr": 0.7189532455801964,
      "synthetic_psnr": 18.00824303627014,
      "synthetic_ssim": 0.7786229851841927,
      "synthetic_lee": 0.28815786812454464,
      "synthetic_nai": 1.3781963473558425,
      "synthetic_input_psnr": 11.220927743911743,
      "synthetic_identity_drop": 6.787315282821655,
      "synthetic_q_ece": 0.5875825229287147,
      "synthetic_over": 2.1023220779170513e-06,
      "synthetic_under": 0.0,
      "synthetic_E_MAE": 0.5442152485996484,
      "synthetic_E_MAE_aligned": 0.4741485781222582,
      "synthetic_E_corr": 0.839499214887619,
      "elapsed_sec_total": 121.52855396270752
    },
    {
      "run": "p7b_p7b_dhead_ra010_m4j_eshape_multiscale_dhead_realanchor010",
      "variant_id": "P7B_DHEAD_RA010",
      "variant_name": "m4j_eshape_multiscale_dhead_realanchor010",
      "seed": 3407,
      "backbone": "multiscale",
      "backbone_blocks": 3,
      "domain_adapter": "head_bias",
      "real_anchor_weight": 0.01,
      "steps": 1000,
      "train_crop": 128,
      "batch_size": 8,
      "gpu": 0,
      "elapsed_sec_train": 101.95105004310608,
      "run_dir": "/home/user/a1_rlef_project/experiments/p7b_p7b_dhead_ra010_m4j_eshape_multiscale_dhead_realanchor010_seed3407",
      "config": "/home/user/a1_rlef_project/configs/p7b_realanchor/p7b_p7b_dhead_ra010_m4j_eshape_multiscale_dhead_realanchor010.yml",
      "log": "/home/user/a1_rlef_project/logs/p7b_realanchor/p7b_p7b_dhead_ra010_m4j_eshape_multiscale_dhead_realanchor010.log",
      "uefb_psnr": 18.0850629196167,
      "uefb_ssim": 0.8059873353242875,
      "uefb_lee": 0.27219683449342846,
      "uefb_nai": 1.8051662335395813,
      "uefb_input_psnr": 12.995622906684876,
      "uefb_identity_drop": 5.089440015792847,
      "uefb_q_ece": 0.408107676461339,
      "uefb_over": 0.0,
      "uefb_under": 6.1543784095192674e-06,
      "uefb_E_MAE": 0.2676946811452508,
      "uefb_E_MAE_aligned": 0.19431248738523574,
      "uefb_E_corr": 0.43838383135208275,
      "real_psnr": 19.84705744743347,
      "real_ssim": 0.7851390105485916,
      "real_lee": 0.22068347603082658,
      "real_nai": 2.6806890392303466,
      "real_input_psnr": 9.718215217590332,
      "real_identity_drop": 10.128842239379884,
      "real_q_ece": 0.5442366778850556,
      "real_over": 1.6472222087031695e-05,
      "real_under": 0.0,
      "real_E_MAE": 0.3147295857965946,
      "real_E_MAE_aligned": 0.23987044416368009,
      "real_E_corr": 0.7293146651983261,
      "synthetic_psnr": 17.96549958229065,
      "synthetic_ssim": 0.7717102473974228,
      "synthetic_lee": 0.3044981029070914,
      "synthetic_nai": 1.3766567200422286,
      "synthetic_input_psnr": 11.220927743911743,
      "synthetic_identity_drop": 6.744571843147278,
      "synthetic_q_ece": 0.589394137263298,
      "synthetic_over": 5.108868708703085e-06,
      "synthetic_under": 0.0,
      "synthetic_E_MAE": 0.5386350983008742,
      "synthetic_E_MAE_aligned": 0.4482694092206657,
      "synthetic_E_corr": 0.8407636713981629,
      "elapsed_sec_total": 120.43446516990662
    }
  ],
  "promotion": [
    false,
    false,
    false
  ]
}