{
  "runs": [
    {
      "run": "p7c_p7c_dhead_ra015_m4j_eshape_multiscale_dhead_realanchor015",
      "variant_id": "P7C_DHEAD_RA015",
      "variant_name": "m4j_eshape_multiscale_dhead_realanchor015",
      "seed": 3407,
      "backbone": "multiscale",
      "backbone_blocks": 3,
      "domain_adapter": "head_bias",
      "real_anchor_weight": 0.015,
      "steps": 1000,
      "train_crop": 128,
      "batch_size": 8,
      "gpu": 0,
      "elapsed_sec_train": 106.16649675369263,
      "run_dir": "/home/user/a1_rlef_project/experiments/p7c_p7c_dhead_ra015_m4j_eshape_multiscale_dhead_realanchor015_seed3407",
      "config": "/home/user/a1_rlef_project/configs/p7c_realanchor_fine/p7c_p7c_dhead_ra015_m4j_eshape_multiscale_dhead_realanchor015.yml",
      "log": "/home/user/a1_rlef_project/logs/p7c_realanchor_fine/p7c_p7c_dhead_ra015_m4j_eshape_multiscale_dhead_realanchor015.log",
      "uefb_psnr": 17.953699825286865,
      "uefb_ssim": 0.8051476601362229,
      "uefb_lee": 0.27042116318643095,
      "uefb_nai": 1.839232612490654,
      "uefb_input_psnr": 12.995622906684876,
      "uefb_identity_drop": 4.958076913833618,
      "uefb_q_ece": 0.4328369915932417,
      "uefb_over": 2.0345052689663134e-08,
      "uefb_under": 0.0,
      "uefb_E_MAE": 0.27483504166081546,
      "uefb_E_MAE_aligned": 0.19914320860803128,
      "uefb_E_corr": 0.4470278415825451,
      "real_psnr": 19.08234190940857,
      "real_ssim": 0.779066509604454,
      "real_lee": 0.251699566654861,
      "real_nai": 2.709077237844467,
      "real_input_psnr": 9.718215217590332,
      "real_identity_drop": 9.36412670135498,
      "real_q_ece": 0.5811873060464859,
      "real_over": 2.3430555620507222e-05,
      "real_under": 0.0,
      "real_E_MAE": 0.3029346050322056,
      "real_E_MAE_aligned": 0.22841644816100598,
      "real_E_corr": 0.7331856852769851,
      "synthetic_psnr": 17.59127691268921,
      "synthetic_ssim": 0.7699936720728874,
      "synthetic_lee": 0.2969944852869958,
      "synthetic_nai": 1.3869853556156158,
      "synthetic_input_psnr": 11.220927743911743,
      "synthetic_identity_drop": 6.370349159240723,
      "synthetic_q_ece": 0.5960288214683532,
      "synthetic_over": 1.0398582207926666e-06,
      "synthetic_under": 0.0,
      "synthetic_E_MAE": 0.5613564099371433,
      "synthetic_E_MAE_aligned": 0.48202726608142255,
      "synthetic_E_corr": 0.8092554891109467,
      "elapsed_sec_total": 124.82000732421875
    },
    {
      "run": "p7c_p7c_dhead_ra020_m4j_eshape_multiscale_dhead_realanchor020",
      "variant_id": "P7C_DHEAD_RA020",
      "variant_name": "m4j_eshape_multiscale_dhead_realanchor020",
      "seed": 3407,
      "backbone": "multiscale",
      "backbone_blocks": 3,
      "domain_adapter": "head_bias",
      "real_anchor_weight": 0.02,
      "steps": 1000,
      "train_crop": 128,
      "batch_size": 8,
      "gpu": 0,
      "elapsed_sec_train": 103.8650689125061,
      "run_dir": "/home/user/a1_rlef_project/experiments/p7c_p7c_dhead_ra020_m4j_eshape_multiscale_dhead_realanchor020_seed3407",
      "config": "/home/user/a1_rlef_project/configs/p7c_realanchor_fine/p7c_p7c_dhead_ra020_m4j_eshape_multiscale_dhead_realanchor020.yml",
      "log": "/home/user/a1_rlef_project/logs/p7c_realanchor_fine/p7c_p7c_dhead_ra020_m4j_eshape_multiscale_dhead_realanchor020.log",
      "uefb_psnr": 17.441182653427123,
      "uefb_ssim": 0.803875899374485,
      "uefb_lee": 0.28054073941707613,
      "uefb_nai": 1.7868344756364822,
      "uefb_input_psnr": 12.995622906684876,
      "uefb_identity_drop": 4.4455597448349,
      "uefb_q_ece": 0.4352659672051668,
      "uefb_over": 1.383463543788821e-06,
      "uefb_under": 0.0,
      "uefb_E_MAE": 0.2837089823260903,
      "uefb_E_MAE_aligned": 0.2015300880111754,
      "uefb_E_corr": 0.42177311746566554,
      "real_psnr": 19.517017641067504,
      "real_ssim": 0.7841369026899337,
      "real_lee": 0.2378565265983343,
      "real_nai": 2.679576349258423,
      "real_input_psnr": 9.718215217590332,
      "real_identity_drop": 9.798802433013917,
      "real_q_ece": 0.5744156044721603,
      "real_over": 5.704166750547301e-05,
      "real_under": 0.0,
      "real_E_MAE": 0.32895902678370476,
      "real_E_MAE_aligned": 0.22917050756514074,
      "real_E_corr": 0.7284530082345009,
      "synthetic_psnr": 17.81974328994751,
      "synthetic_ssim": 0.7724827456474305,
      "synthetic_lee": 0.288364482820034,
      "synthetic_nai": 1.3571443557739258,
      "synthetic_input_psnr": 11.220927743911743,
      "synthetic_identity_drop": 6.598815546035767,
      "synthetic_q_ece": 0.5958033180236817,
      "synthetic_over": 2.170138936889998e-05,
      "synthetic_under": 0.0,
      "synthetic_E_MAE": 0.5245398822426796,
      "synthetic_E_MAE_aligned": 0.4429815661907196,
      "synthetic_E_corr": 0.8383346882462501,
      "elapsed_sec_total": 122.69512367248535
    },
    {
      "run": "p7c_p7c_dhead_ra030_m4j_eshape_multiscale_dhead_realanchor030",
      "variant_id": "P7C_DHEAD_RA030",
      "variant_name": "m4j_eshape_multiscale_dhead_realanchor030",
      "seed": 3407,
      "backbone": "multiscale",
      "backbone_blocks": 3,
      "domain_adapter": "head_bias",
      "real_anchor_weight": 0.03,
      "steps": 1000,
      "train_crop": 128,
      "batch_size": 8,
      "gpu": 0,
      "elapsed_sec_train": 103.47648668289185,
      "run_dir": "/home/user/a1_rlef_project/experiments/p7c_p7c_dhead_ra030_m4j_eshape_multiscale_dhead_realanchor030_seed3407",
      "config": "/home/user/a1_rlef_project/configs/p7c_realanchor_fine/p7c_p7c_dhead_ra030_m4j_eshape_multiscale_dhead_realanchor030.yml",
      "log": "/home/user/a1_rlef_project/logs/p7c_realanchor_fine/p7c_p7c_dhead_ra030_m4j_eshape_multiscale_dhead_realanchor030.log",
      "uefb_psnr": 18.061859645843505,
      "uefb_ssim": 0.8068479135632515,
      "uefb_lee": 0.267112827796489,
      "uefb_nai": 1.8597651636600494,
      "uefb_input_psnr": 12.995622906684876,
      "uefb_identity_drop": 5.066236738204956,
      "uefb_q_ece": 0.4337072083055973,
      "uefb_over": 7.629394967807457e-07,
      "uefb_under": 0.0,
      "uefb_E_MAE": 0.2970995016545057,
      "uefb_E_MAE_aligned": 0.19844352535903453,
      "uefb_E_corr": 0.4474090172263095,
      "real_psnr": 18.640615673065184,
      "real_ssim": 0.7777219951152802,
      "real_lee": 0.2637667930871248,
      "real_nai": 2.656374109983444,
      "real_input_psnr": 9.718215217590332,
      "real_identity_drop": 8.922400465011597,
      "real_q_ece": 0.5943529641628266,
      "real_over": 2.427777758839511e-05,
      "real_under": 0.0,
      "real_E_MAE": 0.3215243249386549,
      "real_E_MAE_aligned": 0.22989562667906285,
      "real_E_corr": 0.7390312588214875,
      "synthetic_psnr": 17.681935844421385,
      "synthetic_ssim": 0.770938574373722,
      "synthetic_lee": 0.2937135061994195,
      "synthetic_nai": 1.3771656680107116,
      "synthetic_input_psnr": 11.220927743911743,
      "synthetic_identity_drop": 6.4610080909729,
      "synthetic_q_ece": 0.5982280915975571,
      "synthetic_over": 4.747178900288418e-07,
      "synthetic_under": 0.0,
      "synthetic_E_MAE": 0.5780652642250061,
      "synthetic_E_MAE_aligned": 0.5022751043271273,
      "synthetic_E_corr": 0.8179379820823669,
      "elapsed_sec_total": 122.33011317253113
    }
  ],
  "promotion": [
    false,
    false,
    false
  ]
}