{
  "uefb": {
    "A_mean": 0.3933592172861099,
    "A_std": 0.10330089031904936,
    "route_entropy": 0.6317579517364502,
    "safe_fraction": 0.6066407837867737,
    "safe_rest_l1": 0.37529049599170683,
    "mu_mean": 1.172132530450821,
    "mu_dataset_std": 0.14430571486203897,
    "mu_min": 0.8920612335205078,
    "mu_max": 1.435209035873413,
    "n_batches": 500
  },
  "real": {
    "A_mean": 0.4257497054338455,
    "A_std": 0.1169046326726675,
    "route_entropy": 0.6495061075687408,
    "safe_fraction": 0.574250311255455,
    "safe_rest_l1": 0.44188607573509214,
    "mu_mean": 1.378247117996216,
    "mu_dataset_std": 0.06587217263842579,
    "mu_min": 1.1734645366668701,
    "mu_max": 1.4379191398620605,
    "n_batches": 100
  },
  "synthetic": {
    "A_mean": 0.3590761141479015,
    "A_std": 0.1022399895451963,
    "route_entropy": 0.6232123851776123,
    "safe_fraction": 0.6409238952398301,
    "safe_rest_l1": 0.33657744601368905,
    "mu_mean": 1.2059093368053437,
    "mu_dataset_std": 0.12325644442944649,
    "mu_min": 0.9016909599304199,
    "mu_max": 1.4015660285949707,
    "n_batches": 100
  }
}