{
  "psnr": 19.208695125579833,
  "ssim": 0.7790803456306458,
  "lee": 0.23920388791710137,
  "nai": 2.7905225801467894,
  "input_psnr": 9.718215217590332,
  "identity_drop": 9.490479917526246,
  "q_ece": 0.5769497182965279,
  "over": 3.976388887167559e-05,
  "under": 0.0,
  "E_MAE": 0.3355371432751417,
  "E_MAE_aligned": 0.24671085514128208,
  "E_corr": 0.7062419405579567,
  "n": 100
}