{
  "psnr": 17.59765707015991,
  "ssim": 0.7592092883586884,
  "lee": 0.3095694976858795,
  "nai": 1.2588043957948685,
  "input_psnr": 11.220927743911743,
  "identity_drop": 6.376729316711426,
  "q_ece": 0.578538883626461,
  "over": 4.295066569284245e-06,
  "under": 0.0,
  "E_MAE": 0.5490597989596426,
  "E_MAE_aligned": 0.48398508489131925,
  "E_corr": 0.8119656559824944,
  "n": 100
}