{
  "psnr": 17.140526418685912,
  "ssim": 0.7430509057641029,
  "lee": 0.38118875357322396,
  "nai": 1.2214265888929368,
  "input_psnr": 11.220927743911743,
  "identity_drop": 5.919598679542542,
  "q_ece": 0.5765399113297462,
  "over": 2.0593714070855638e-05,
  "under": 0.0,
  "E_MAE": 0.7858886558935047,
  "E_MAE_aligned": 0.5171821771748364,
  "E_corr": 0.7991548854112626,
  "n": 100
}