{
  "psnr": 18.232473875045777,
  "ssim": 0.8093768837451935,
  "lee": 0.25997458352521063,
  "nai": 1.8524445395469666,
  "input_psnr": 12.995622906684876,
  "identity_drop": 5.236850964546203,
  "q_ece": 0.42074926307797433,
  "over": 0.0,
  "under": 6.103515625e-08,
  "E_MAE": 0.2689545268267393,
  "E_MAE_aligned": 0.19290224832016975,
  "E_corr": 0.4490452868444845,
  "n": 500
}