{
  "psnr": 19.914495515823365,
  "ssim": 0.7748457711935043,
  "lee": 0.2206816852837801,
  "nai": 2.378348013162613,
  "input_psnr": 9.718215217590332,
  "identity_drop": 10.196280303001403,
  "q_ece": 0.577765045017004,
  "over": 7.472222295746179e-05,
  "under": 0.0,
  "E_MAE": 0.3155945397913456,
  "E_MAE_aligned": 0.23108128152787685,
  "E_corr": 0.7256371754407883,
  "n": 100
}