{
  "psnr": 18.0850629196167,
  "ssim": 0.8059873353242875,
  "lee": 0.27219683449342846,
  "nai": 1.8051662335395813,
  "input_psnr": 12.995622906684876,
  "identity_drop": 5.089440015792847,
  "q_ece": 0.408107676461339,
  "over": 0.0,
  "under": 6.1543784095192674e-06,
  "E_MAE": 0.2676946811452508,
  "E_MAE_aligned": 0.19431248738523574,
  "E_corr": 0.43838383135208275,
  "n": 500
}