{
  "psnr": 19.84705744743347,
  "ssim": 0.7851390105485916,
  "lee": 0.22068347603082658,
  "nai": 2.6806890392303466,
  "input_psnr": 9.718215217590332,
  "identity_drop": 10.128842239379884,
  "q_ece": 0.5442366778850556,
  "over": 1.6472222087031695e-05,
  "under": 0.0,
  "E_MAE": 0.3147295857965946,
  "E_MAE_aligned": 0.23987044416368009,
  "E_corr": 0.7293146651983261,
  "n": 100
}