{
  "psnr": 20.277040662765504,
  "ssim": 0.7918556445837021,
  "lee": 0.22181059673428535,
  "nai": 2.326902861595154,
  "input_psnr": 9.718215217590332,
  "identity_drop": 10.558825459480286,
  "q_ece": 0.5509941506385804,
  "over": 2.976388921524631e-05,
  "under": 0.0,
  "E_MAE": 0.5644065717607737,
  "E_MAE_aligned": 0.3058271846175194,
  "E_corr": 0.6482521766424179,
  "n": 100
}