{
  "psnr": 17.9811068611145,
  "ssim": 0.8038888010978699,
  "lee": 0.2660055019073188,
  "nai": 1.664234989643097,
  "input_psnr": 12.995622906684876,
  "identity_drop": 4.985483946800232,
  "q_ece": 0.41910166205465793,
  "over": 1.8310547557121027e-06,
  "under": 4.630533972795092e-05,
  "E_MAE": 0.29185761863738297,
  "E_MAE_aligned": 0.19979707964509724,
  "E_corr": 0.43985495356749743,
  "n": 500
}