{
  "psnr": 19.870283222198488,
  "ssim": 0.7788351607322693,
  "lee": 0.23765803061425686,
  "nai": 2.3178249263763426,
  "input_psnr": 9.718215217590332,
  "identity_drop": 10.152068009376526,
  "q_ece": 0.5487538772821426,
  "over": 9.444444467590074e-06,
  "under": 0.0,
  "E_MAE": 0.29358872435986993,
  "E_MAE_aligned": 0.2128353490680456,
  "E_corr": 0.7485140642523765,
  "n": 100
}