{
  "psnr": 18.01507918548584,
  "ssim": 0.8042977310419083,
  "lee": 0.26751686445623635,
  "nai": 1.7051438660621643,
  "input_psnr": 12.995622906684876,
  "identity_drop": 5.019456279754639,
  "q_ece": 0.4218419110774994,
  "over": 1.413981207406323e-06,
  "under": 0.0,
  "E_MAE": 0.26866154417395594,
  "E_MAE_aligned": 0.1937878990396857,
  "E_corr": 0.46372391109215094,
  "n": 500
}