{
  "psnr": 17.96549958229065,
  "ssim": 0.7717102473974228,
  "lee": 0.3044981029070914,
  "nai": 1.3766567200422286,
  "input_psnr": 11.220927743911743,
  "identity_drop": 6.744571843147278,
  "q_ece": 0.589394137263298,
  "over": 5.108868708703085e-06,
  "under": 0.0,
  "E_MAE": 0.5386350983008742,
  "E_MAE_aligned": 0.4482694092206657,
  "E_corr": 0.8407636713981629,
  "n": 100
}