{
  "psnr": 20.196916770935058,
  "ssim": 0.7847263890504838,
  "lee": 0.21442044503986835,
  "nai": 2.404168084859848,
  "input_psnr": 9.718215217590332,
  "identity_drop": 10.47870156288147,
  "q_ece": 0.5365916293859482,
  "over": 2.4430555622529937e-05,
  "under": 0.0,
  "E_MAE": 0.35339568242430686,
  "E_MAE_aligned": 0.2716810696572065,
  "E_corr": 0.6288594188913703,
  "n": 100
}