{
  "psnr": 17.379152660369872,
  "ssim": 0.745288900732994,
  "lee": 0.35739351715892553,
  "nai": 1.3167890751361846,
  "input_psnr": 11.220927743911743,
  "identity_drop": 6.158224921226502,
  "q_ece": 0.5287033894658089,
  "over": 0.0004165310306916581,
  "under": 2.3509837410529144e-06,
  "E_MAE": 0.606749193109572,
  "E_MAE_aligned": 0.4387470358423889,
  "E_corr": 0.8550764727592468,
  "n": 100
}