{
  "psnr": 17.91337393760681,
  "ssim": 0.7733059400320053,
  "lee": 0.2867071031406522,
  "nai": 1.385512273311615,
  "input_psnr": 11.220927743911743,
  "identity_drop": 6.692446184158325,
  "q_ece": 0.5802710089087486,
  "over": 1.1754919160011923e-06,
  "under": 0.0,
  "E_MAE": 0.5141088584810496,
  "E_MAE_aligned": 0.4425704044103622,
  "E_corr": 0.8266446921229362,
  "n": 100
}