{
  "psnr": 18.14979832649231,
  "ssim": 0.8094445511102676,
  "lee": 0.25701115001924335,
  "nai": 1.7420671910047532,
  "input_psnr": 12.995622906684876,
  "identity_drop": 5.154175417900086,
  "q_ece": 0.4025779501050711,
  "over": 0.0008930359148689604,
  "under": 4.570516076455533e-05,
  "E_MAE": 0.26154334148019553,
  "E_MAE_aligned": 0.19680385702848435,
  "E_corr": 0.43456830429937693,
  "n": 500
}