{
  "psnr": 17.61270069503784,
  "ssim": 0.8080207085609437,
  "lee": 0.268598179385066,
  "nai": 1.7515775419473647,
  "input_psnr": 12.995622906684876,
  "identity_drop": 4.617077789306641,
  "q_ece": 0.42351403763890266,
  "over": 1.9124348982586524e-06,
  "under": 2.13623046875e-07,
  "E_MAE": 0.2760694233626127,
  "E_MAE_aligned": 0.21123550217598677,
  "E_corr": 0.4339875929350965,
  "n": 500
}