{
  "psnr": 18.515141887664797,
  "ssim": 0.77252271682024,
  "lee": 0.2841420426405966,
  "nai": 1.3579815715551375,
  "input_psnr": 11.220927743911743,
  "identity_drop": 7.294214148521423,
  "q_ece": 0.5468546313047409,
  "over": 6.295663223227166e-05,
  "under": 0.0,
  "E_MAE": 0.4611134346947074,
  "E_MAE_aligned": 0.37499629743397234,
  "E_corr": 0.8679296773672104,
  "n": 100
}