{
  "P2B_DGB_GAUGE_ONLY": {
    "uefb": {
      "A_mean": 0.46879297617077825,
      "A_std": 0.1112501313611865,
      "route_entropy": 0.6409448449611663,
      "safe_fraction": 0.5312070218920708,
      "safe_rest_l1": 0.4791896689832211,
      "mu_mean": 1.2023156991004944,
      "mu_dataset_std": 0.20298710728792654,
      "mu_min": 0.8124310970306396,
      "mu_max": 1.5688729286193848,
      "n_batches": 500
    },
    "real": {
      "A_mean": 0.5222600603103638,
      "A_std": 0.13670547500252725,
      "route_entropy": 0.6481000119447708,
      "safe_fraction": 0.4777399507164955,
      "safe_rest_l1": 0.5711585199832916,
      "mu_mean": 1.4908374166488647,
      "mu_dataset_std": 0.09116509596923525,
      "mu_min": 1.2052521705627441,
      "mu_max": 1.5724031925201416,
      "n_batches": 100
    },
    "synthetic": {
      "A_mean": 0.44278330728411674,
      "A_std": 0.11133571028709412,
      "route_entropy": 0.6471847528219223,
      "safe_fraction": 0.557216699719429,
      "safe_rest_l1": 0.448478963971138,
      "mu_mean": 1.2489675867557526,
      "mu_dataset_std": 0.17301186242710045,
      "mu_min": 0.8244417905807495,
      "mu_max": 1.5225772857666016,
      "n_batches": 100
    }
  },
  "P2B_DGB_ROUTE_ONLY": {
    "uefb": {
      "A_mean": 0.412735168159008,
      "A_std": 0.12103921221196652,
      "route_entropy": 0.6242601447105408,
      "safe_fraction": 0.587264829158783,
      "safe_rest_l1": 0.363670518219471,
      "mu_mean": 1.051410481825471,
      "mu_dataset_std": 0.6013488724517373,
      "mu_min": 0.10424410551786423,
      "mu_max": 3.147948980331421,
      "n_batches": 500
    },
    "real": {
      "A_mean": 0.4650165316462517,
      "A_std": 0.12767108224332333,
      "route_entropy": 0.6504420822858811,
      "safe_fraction": 0.5349834764003754,
      "safe_rest_l1": 0.45808816254138945,
      "mu_mean": 2.2054085612297056,
      "mu_dataset_std": 0.6121928521229376,
      "mu_min": 1.1384189128875732,
      "mu_max": 3.2730772495269775,
      "n_batches": 100
    },
    "synthetic": {
      "A_mean": 0.3951010279357433,
      "A_std": 0.11920017067342997,
      "route_entropy": 0.6301576209068298,
      "safe_fraction": 0.6048989790678024,
      "safe_rest_l1": 0.3578467513620853,
      "mu_mean": 1.3969431022787466,
      "mu_dataset_std": 0.7351568660572051,
      "mu_min": -0.006553893443197012,
      "mu_max": 2.6953492164611816,
      "n_batches": 100
    }
  }
}