{
  "runs": [
    {
      "run": "p2c_p2c_dgb_gate_floor015_image_stats_gauge_original_gate_floor015",
      "variant_id": "P2C_DGB_GATE_FLOOR015",
      "variant_name": "image_stats_gauge_original_gate_floor015",
      "base_variant": "P2B_DGB_GAUGE_ONLY",
      "intervention": "global_route_floor",
      "seed": 3407,
      "backbone": "multiscale",
      "backbone_blocks": 3,
      "gauge_mode": "image_stats",
      "route_type": "identity_gate",
      "route_floor": 0.15,
      "safe_alpha": 0.7,
      "steps": 1000,
      "train_crop": 128,
      "batch_size": 8,
      "gpu": 0,
      "elapsed_sec_train": 0.0003457069396972656,
      "run_dir": "/home/user/a1_rlef_project/experiments/p2c_p2c_dgb_gate_floor015_image_stats_gauge_original_gate_floor015_seed3407",
      "config": "/home/user/a1_rlef_project/configs/dgb_rlef/p2c_p2c_dgb_gate_floor015_image_stats_gauge_original_gate_floor015.yml",
      "log": "/home/user/a1_rlef_project/logs/p2c_uefb_recovery/p2c_p2c_dgb_gate_floor015_image_stats_gauge_original_gate_floor015.log",
      "uefb_psnr": 17.695471151351928,
      "uefb_ssim": 0.808438618183136,
      "uefb_lee": 0.2788069523870945,
      "uefb_nai": 1.8343998675346374,
      "uefb_input_psnr": 12.995622906684876,
      "uefb_identity_drop": 4.699848250389099,
      "uefb_q_ece": 0.41237759694457055,
      "uefb_over": 2.8177898120702595e-06,
      "uefb_under": 5.900065298192203e-07,
      "uefb_E_MAE": 0.5073194440007209,
      "uefb_E_MAE_aligned": 0.20012751933000983,
      "uefb_E_corr": 0.4820942931827158,
      "real_psnr": 19.65808457374573,
      "real_ssim": 0.7535478192567825,
      "real_lee": 0.28866215400397777,
      "real_nai": 2.867227511405945,
      "real_input_psnr": 9.718215217590332,
      "real_identity_drop": 9.93986936569214,
      "real_q_ece": 0.5115940058231354,
      "real_over": 3.320833380712429e-05,
      "real_under": 1.3888889043300879e-08,
      "real_E_MAE": 0.7986109772324562,
      "real_E_MAE_aligned": 0.27839805029332637,
      "real_E_corr": 0.7476908865571023,
      "synthetic_psnr": 17.635049047470094,
      "synthetic_ssim": 0.7629695853590965,
      "synthetic_lee": 0.3315756311826408,
      "synthetic_nai": 1.3872815948724746,
      "synthetic_input_psnr": 11.220927743911743,
      "synthetic_identity_drop": 6.414121308326721,
      "synthetic_q_ece": 0.5517446367442608,
      "synthetic_over": 0.00017313639519670688,
      "synthetic_under": 0.0,
      "synthetic_E_MAE": 0.8150435383617878,
      "synthetic_E_MAE_aligned": 0.5686493052449078,
      "synthetic_E_corr": 0.8662491965293885,
      "elapsed_sec_total": 0.0038559436798095703
    },
    {
      "run": "p2c_p2c_dgb_gate_floor025_image_stats_gauge_original_gate_floor025",
      "variant_id": "P2C_DGB_GATE_FLOOR025",
      "variant_name": "image_stats_gauge_original_gate_floor025",
      "base_variant": "P2B_DGB_GAUGE_ONLY",
      "intervention": "global_route_floor",
      "seed": 3407,
      "backbone": "multiscale",
      "backbone_blocks": 3,
      "gauge_mode": "image_stats",
      "route_type": "identity_gate",
      "route_floor": 0.25,
      "safe_alpha": 0.7,
      "steps": 1000,
      "train_crop": 128,
      "batch_size": 8,
      "gpu": 1,
      "elapsed_sec_train": 0.00016999244689941406,
      "run_dir": "/home/user/a1_rlef_project/experiments/p2c_p2c_dgb_gate_floor025_image_stats_gauge_original_gate_floor025_seed3407",
      "config": "/home/user/a1_rlef_project/configs/dgb_rlef/p2c_p2c_dgb_gate_floor025_image_stats_gauge_original_gate_floor025.yml",
      "log": "/home/user/a1_rlef_project/logs/p2c_uefb_recovery/p2c_p2c_dgb_gate_floor025_image_stats_gauge_original_gate_floor025.log",
      "uefb_psnr": 17.684406219482423,
      "uefb_ssim": 0.8137821002006531,
      "uefb_lee": 0.26403607966005804,
      "uefb_nai": 1.8324219150543213,
      "uefb_input_psnr": 12.995622906684876,
      "uefb_identity_drop": 4.688783310890198,
      "uefb_q_ece": 0.40954006724059583,
      "uefb_over": 1.8931071506813168e-05,
      "uefb_under": 4.4759115553461015e-07,
      "uefb_E_MAE": 0.5175571191906929,
      "uefb_E_MAE_aligned": 0.20110117901861668,
      "uefb_E_corr": 0.5338911259234883,
      "real_psnr": 20.297293701171874,
      "real_ssim": 0.7871514838933945,
      "real_lee": 0.241897037550807,
      "real_nai": 2.6708247900009154,
      "real_input_psnr": 9.718215217590332,
      "real_identity_drop": 10.579078497886657,
      "real_q_ece": 0.5041783122718334,
      "real_over": 6.637500165652454e-05,
      "real_under": 0.0,
      "real_E_MAE": 0.8325405089557171,
      "real_E_MAE_aligned": 0.3335319174081087,
      "real_E_corr": 0.6514961254596711,
      "synthetic_psnr": 18.356176347732543,
      "synthetic_ssim": 0.7710650706291199,
      "synthetic_lee": 0.3001769519224763,
      "synthetic_nai": 1.340089927315712,
      "synthetic_input_psnr": 11.220927743911743,
      "synthetic_identity_drop": 7.135248599052429,
      "synthetic_q_ece": 0.5464461579918861,
      "synthetic_over": 0.00021032262705830362,
      "synthetic_under": 0.0,
      "synthetic_E_MAE": 0.8143893596529961,
      "synthetic_E_MAE_aligned": 0.5586841078288853,
      "synthetic_E_corr": 0.7922312563657761,
      "elapsed_sec_total": 0.0007634162902832031
    },
    {
      "run": "p2c_p2c_dgb_eshape025_image_stats_gauge_original_route_eshape025",
      "variant_id": "P2C_DGB_ESHAPE025",
      "variant_name": "image_stats_gauge_original_route_eshape025",
      "base_variant": "P2B_DGB_GAUGE_ONLY",
      "intervention": "reduced_e_shape_weight",
      "seed": 3407,
      "backbone": "multiscale",
      "backbone_blocks": 3,
      "gauge_mode": "image_stats",
      "route_type": "identity_gate",
      "route_floor": 0.0,
      "safe_alpha": 0.7,
      "steps": 1000,
      "train_crop": 128,
      "batch_size": 8,
      "gpu": 0,
      "elapsed_sec_train": 181.01332902908325,
      "run_dir": "/home/user/a1_rlef_project/experiments/p2c_p2c_dgb_eshape025_image_stats_gauge_original_route_eshape025_seed3407",
      "config": "/home/user/a1_rlef_project/configs/dgb_rlef/p2c_p2c_dgb_eshape025_image_stats_gauge_original_route_eshape025.yml",
      "log": "/home/user/a1_rlef_project/logs/p2c_uefb_recovery/p2c_p2c_dgb_eshape025_image_stats_gauge_original_route_eshape025.log",
      "uefb_psnr": 17.655403623580934,
      "uefb_ssim": 0.8113688169717789,
      "uefb_lee": 0.27314535207301377,
      "uefb_nai": 1.815648864030838,
      "uefb_input_psnr": 12.995622906684876,
      "uefb_identity_drop": 4.659780717849731,
      "uefb_q_ece": 0.40789674742519855,
      "uefb_over": 5.218506132223411e-06,
      "uefb_under": 3.4332276414716036e-05,
      "uefb_E_MAE": 0.496711218804121,
      "uefb_E_MAE_aligned": 0.2056511315498501,
      "uefb_E_corr": 0.4878566942629404,
      "real_psnr": 19.87253040313721,
      "real_ssim": 0.7772201353311539,
      "real_lee": 0.27458496756851675,
      "real_nai": 2.6124182736873625,
      "real_input_psnr": 9.718215217590332,
      "real_identity_drop": 10.154315190315247,
      "real_q_ece": 0.5313796530663967,
      "real_over": 3.362500056027784e-05,
      "real_under": 1.694444463282707e-06,
      "real_E_MAE": 0.7687552519142627,
      "real_E_MAE_aligned": 0.3158881702274084,
      "real_E_corr": 0.7079405367374421,
      "synthetic_psnr": 18.186532611846925,
      "synthetic_ssim": 0.7693936339020729,
      "synthetic_lee": 0.3225389558635652,
      "synthetic_nai": 1.3569806551933288,
      "synthetic_input_psnr": 11.220927743911743,
      "synthetic_identity_drop": 6.965604872703552,
      "synthetic_q_ece": 0.5715270459651947,
      "synthetic_over": 0.00016861527245509933,
      "synthetic_under": 2.690067890398495e-06,
      "synthetic_E_MAE": 0.8296367967128754,
      "synthetic_E_MAE_aligned": 0.6057140302471816,
      "synthetic_E_corr": 0.8387112683057785,
      "elapsed_sec_total": 201.67036867141724
    },
    {
      "run": "p2c_p2c_dgb_eshape010_image_stats_gauge_original_route_eshape010",