{
  "runs": [
    {
      "run": "p2d_p2d_eshape010_struct002_eshape010_structure_preserve002",
      "variant_id": "P2D_ESHAPE010_STRUCT002",
      "variant_name": "eshape010_structure_preserve002",
      "base_variant": "P2C_DGB_ESHAPE010",
      "intervention": "generic_structure_preserve",
      "seed": 3407,
      "backbone": "multiscale",
      "backbone_blocks": 3,
      "gauge_mode": "image_stats",
      "route_type": "identity_gate",
      "route_floor": 0.0,
      "structure_preserve": 0.02,
      "e_shape": 0.01,
      "safe_alpha": 0.7,
      "steps": 1000,
      "train_crop": 128,
      "batch_size": 8,
      "gpu": 0,
      "elapsed_sec_train": 201.98437190055847,
      "run_dir": "/home/user/a1_rlef_project/experiments/p2d_p2d_eshape010_struct002_eshape010_structure_preserve002_seed3407",
      "config": "/home/user/a1_rlef_project/configs/dgb_rlef/p2d_p2d_eshape010_struct002_eshape010_structure_preserve002.yml",
      "log": "/home/user/a1_rlef_project/logs/p2d_balanced_eshape_real_preserve/p2d_p2d_eshape010_struct002_eshape010_structure_preserve002.log",
      "uefb_psnr": 17.73330606842041,
      "uefb_ssim": 0.812150444984436,
      "uefb_lee": 0.2660934812799096,
      "uefb_nai": 1.8741629257202148,
      "uefb_input_psnr": 12.995622906684876,
      "uefb_identity_drop": 4.737683159828186,
      "uefb_q_ece": 0.42553500160574914,
      "uefb_over": 4.831949956496828e-06,
      "uefb_under": 1.5167237052992277e-05,
      "uefb_E_MAE": 0.496210306301713,
      "uefb_E_MAE_aligned": 0.21603536613471805,
      "uefb_E_corr": 0.4752013681601966,
      "real_psnr": 19.781454792022704,
      "real_ssim": 0.7871846681833268,
      "real_lee": 0.23925355896353723,
      "real_nai": 2.765590249300003,
      "real_input_psnr": 9.718215217590332,
      "real_identity_drop": 10.063239574432373,
      "real_q_ece": 0.5462936884164811,
      "real_over": 4.700000040884333e-05,
      "real_under": 2.0833333564951316e-07,
      "real_E_MAE": 0.759282385930419,
      "real_E_MAE_aligned": 0.34486819997429846,
      "real_E_corr": 0.7150781226158142,
      "synthetic_psnr": 18.541954746246336,
      "synthetic_ssim": 0.7783482685685158,
      "synthetic_lee": 0.28489229975268243,
      "synthetic_nai": 1.3743727976083755,
      "synthetic_input_psnr": 11.220927743911743,
      "synthetic_identity_drop": 7.321027002334595,
      "synthetic_q_ece": 0.5644194978475571,
      "synthetic_over": 0.00017492223826138799,
      "synthetic_under": 0.0,
      "synthetic_E_MAE": 0.8425778213143349,
      "synthetic_E_MAE_aligned": 0.6283138648234308,
      "synthetic_E_corr": 0.8103042766451836,
      "elapsed_sec_total": 223.60838341712952
    },
    {
      "run": "p2d_p2d_eshape010_struct005_eshape010_structure_preserve005",
      "variant_id": "P2D_ESHAPE010_STRUCT005",
      "variant_name": "eshape010_structure_preserve005",
      "base_variant": "P2C_DGB_ESHAPE010",
      "intervention": "generic_structure_preserve",
      "seed": 3407,
      "backbone": "multiscale",
      "backbone_blocks": 3,
      "gauge_mode": "image_stats",
      "route_type": "identity_gate",
      "route_floor": 0.0,
      "structure_preserve": 0.05,
      "e_shape": 0.01,
      "safe_alpha": 0.7,
      "steps": 1000,
      "train_crop": 128,
      "batch_size": 8,
      "gpu": 1,
      "elapsed_sec_train": 200.2871868610382,
      "run_dir": "/home/user/a1_rlef_project/experiments/p2d_p2d_eshape010_struct005_eshape010_structure_preserve005_seed3407",
      "config": "/home/user/a1_rlef_project/configs/dgb_rlef/p2d_p2d_eshape010_struct005_eshape010_structure_preserve005.yml",
      "log": "/home/user/a1_rlef_project/logs/p2d_balanced_eshape_real_preserve/p2d_p2d_eshape010_struct005_eshape010_structure_preserve005.log",
      "uefb_psnr": 17.863255617141725,
      "uefb_ssim": 0.8108830691576004,
      "uefb_lee": 0.26469016820192337,
      "uefb_nai": 1.8242719906568527,
      "uefb_input_psnr": 12.995622906684876,
      "uefb_identity_drop": 4.8676327085494995,
      "uefb_q_ece": 0.4101270036399364,
      "uefb_over": 5.360921462852275e-06,
      "uefb_under": 7.222493710287381e-06,
      "uefb_E_MAE": 0.4961457515954971,
      "uefb_E_MAE_aligned": 0.21426061904802918,
      "uefb_E_corr": 0.4718378476498183,
      "real_psnr": 19.54091272354126,
      "real_ssim": 0.774367960691452,
      "real_lee": 0.25192669831216336,
      "real_nai": 2.6155566644668578,
      "real_input_psnr": 9.718215217590332,
      "real_identity_drop": 9.8226975107193,
      "real_q_ece": 0.5391169519722462,
      "real_over": 4.348611191744567e-05,
      "real_under": 1.1111111280115438e-06,
      "real_E_MAE": 0.7581687933206558,
      "real_E_MAE_aligned": 0.3444035652279854,
      "real_E_corr": 0.6560977983474732,
      "synthetic_psnr": 18.398645191192628,
      "synthetic_ssim": 0.7703885927796363,
      "synthetic_lee": 0.30801171431317925,
      "synthetic_nai": 1.3433883833885192,
      "synthetic_input_psnr": 11.220927743911743,
      "synthetic_identity_drop": 7.177717456817627,
      "synthetic_q_ece": 0.5651671275496483,
      "synthetic_over": 0.0001799632906613624,
      "synthetic_under": 0.0,
      "synthetic_E_MAE": 0.8412511563301086,
      "synthetic_E_MAE_aligned": 0.6268885632045567,
      "synthetic_E_corr": 0.7844407498836518,
      "elapsed_sec_total": 221.6386272907257
    }
  ],
  "p3c_reference": {
    "uefb_psnr": {
      "mean": 17.914535294214883,
      "std": 0.27466761106490634,
      "n": 3
    },
    "uefb_E_MAE": {
      "mean": 0.2764901278267304,
      "std": 0.01516151687910185,
      "n": 3
    },
    "uefb_E_MAE_aligned": {
      "mean": 0.20261214628318944,
      "std": 0.007616531070542047,
      "n": 3
    },
    "uefb_E_corr": {
      "mean": 0.4361369502673236,
      "std": 0.0032329503286052308,
      "n": 3
    },
    "real_psnr": {
      "mean": 20.02060646692912,
      "std": 0.2231760612668466,
      "n": 3
    },
    "real_E_corr": {
      "mean": 0.7074678050478299,
      "std": 0.05254242104857764,
      "n": 3
    },
    "synthetic_psnr": {
      "mean": 17.678273655573523,
      "std": 0.7345045603791227,
      "n": 3
    },
    "synthetic_E_corr": {
      "mean": 0.84072034517924,
      "std": 0.03656592404775315,
      "n": 3
    }
  },
  "p7b_near_miss_reference": {
    "uefb_psnr": 18.0850629196167,
    "real_psnr": 19.84705744743347,
    "synthetic_psnr": 17.96549958229065
  },
  "phase2_dgb_reference": {
    "run": "phase2_dgb_rlef_minimal_s3407_multiscale_image_stats_gauge_safe_router",
    "variant_id": "DGB_RLEF_MINIMAL_S3407",
    "variant_name": "multiscale_image_stats_gauge_safe_router",
    "seed": 3407,
    "backbone": "multiscale",
    "backbone_blocks": 3,
    "gauge_mode": "image_stats",
    "route_type": "recoverability_safe_router",
    "safe_alpha": 0.7,
    "steps": 1000,
    "train_crop": 128,
    "batch_size": 8,
    "gpu": 0,
    "elapsed_sec_train": 105.1920714378357,
    "run_dir": "/home/user/a1_rlef_project/experiments/phase2_dgb_rlef_minimal_s3407_multiscale_image_stats_gauge_safe_router_seed3407",
    "config": "/home/user/a1_rlef_project/configs/dgb_rlef/phase2_dgb_rlef_minimal_s3407_multiscale_image_stats_gauge_safe_router.yml",
    "log": "/home/user/a1_rlef_project/logs/phase2_dgb_candidate/phase2_dgb_rlef_minimal_s3407_multiscale_image_stats_gauge_safe_router.log",
    "uefb_psnr": 17.75430307197571,
    "uefb_ssim": 0.8160762413740158,
    "uefb_lee": 0.26404609394818546,
    "uefb_nai": 1.8797483952045442,
    "uefb_input_psnr": 12.995622906684876,
    "uefb_identity_drop": 4.758680165290833,
    "uefb_q_ece": 0.40839267876744273,
    "uefb_over": 3.0822754833934597e-06,
    "uefb_under": 0.0,
    "uefb_E_MAE": 0.5305266555547714,
    "uefb_E_MAE_aligned": 0.19919930795580149,
    "uefb_E_corr": 0.5276702798577025,
    "real_psnr": 19.938993167877197,
    "real_ssim": 0.7717072099447251,
    "real_lee": 0.24943566314876078,
    "real_nai": 2.873386011123657,
    "real_input_psnr": 9.718215217590332,