{
  "P2D_ESHAPE010_STRUCT002": {
    "uefb": {
      "A_mean": 0.5104541074037552,
      "A_std": 0.10498227282613516,
      "route_entropy": 0.6501816952228546,
      "safe_fraction": 0.4895458927750587,
      "safe_rest_l1": 0.4590394285917282,
      "mu_mean": 1.2002280414104463,
      "mu_dataset_std": 0.22152065935575557,
      "mu_min": 0.7706519365310669,
      "mu_max": 1.5967204570770264,
      "n_batches": 500
    },
    "real": {
      "A_mean": 0.5399141231179237,
      "A_std": 0.1169255606085062,
      "route_entropy": 0.6548455095291138,
      "safe_fraction": 0.46008589297533037,
      "safe_rest_l1": 0.56182702511549,
      "mu_mean": 1.513210415840149,
      "mu_dataset_std": 0.09777341392348746,
      "mu_min": 1.2063348293304443,
      "mu_max": 1.600620985031128,
      "n_batches": 100
    },
    "synthetic": {
      "A_mean": 0.4763262113928795,
      "A_std": 0.10915206070989371,
      "route_entropy": 0.6537627506256104,
      "safe_fraction": 0.5236737903952599,
      "safe_rest_l1": 0.4235902152210474,
      "mu_mean": 1.2496388256549835,
      "mu_dataset_std": 0.1887042010335699,
      "mu_min": 0.7839081287384033,
      "mu_max": 1.5469963550567627,
      "n_batches": 100
    }
  },
  "P2D_ESHAPE010_STRUCT005": {
    "uefb": {
      "A_mean": 0.4770695987343788,
      "A_std": 0.10748217356950045,
      "route_entropy": 0.6431284025907517,
      "safe_fraction": 0.5229304000735283,
      "safe_rest_l1": 0.44320716957747935,
      "mu_mean": 1.2025242476463318,
      "mu_dataset_std": 0.22032166926158464,
      "mu_min": 0.7756005525588989,
      "mu_max": 1.5970230102539062,
      "n_batches": 500
    },
    "real": {
      "A_mean": 0.5148632419109345,
      "A_std": 0.12434577599167823,
      "route_entropy": 0.6533838146924973,
      "safe_fraction": 0.48513676941394807,
      "safe_rest_l1": 0.5243813714385033,
      "mu_mean": 1.5138935351371765,
      "mu_dataset_std": 0.09732533740295139,
      "mu_min": 1.208427906036377,
      "mu_max": 1.6008975505828857,
      "n_batches": 100
    },
    "synthetic": {
      "A_mean": 0.4553044341504574,
      "A_std": 0.10802943427115679,
      "route_entropy": 0.6486397683620453,
      "safe_fraction": 0.5446955785155296,
      "safe_rest_l1": 0.410761701837182,
      "mu_mean": 1.2517512273788451,
      "mu_dataset_std": 0.18767889388018366,
      "mu_min": 0.7887823581695557,
      "mu_max": 1.5475349426269531,
      "n_batches": 100
    }
  }
}