{
  "runs": [
    {
      "run": "p2e_p2e_eshape010_gatepri002_eshape010_image_stat_gate_prior002",
      "variant_id": "P2E_ESHAPE010_GATEPRI002",
      "variant_name": "eshape010_image_stat_gate_prior002",
      "base_variant": "P2C_DGB_ESHAPE010",
      "intervention": "image_stat_gate_prior",
      "seed": 3407,
      "backbone": "multiscale",
      "backbone_blocks": 3,
      "gauge_mode": "image_stats",
      "route_type": "identity_gate",
      "route_floor": 0.0,
      "gate_prior": 0.02,
      "e_shape": 0.01,
      "safe_alpha": 0.7,
      "steps": 1000,
      "train_crop": 128,
      "batch_size": 8,
      "gpu": 0,
      "elapsed_sec_train": 211.21068906784058,
      "run_dir": "/home/user/a1_rlef_project/experiments/p2e_p2e_eshape010_gatepri002_eshape010_image_stat_gate_prior002_seed3407",
      "config": "/home/user/a1_rlef_project/configs/dgb_rlef/p2e_p2e_eshape010_gatepri002_eshape010_image_stat_gate_prior002.yml",
      "log": "/home/user/a1_rlef_project/logs/p2e_gate_prior_balance/p2e_p2e_eshape010_gatepri002_eshape010_image_stat_gate_prior002.log",
      "uefb_psnr": 17.849626226425173,
      "uefb_ssim": 0.8137204447984695,
      "uefb_lee": 0.26290072009712456,
      "uefb_nai": 1.831672958612442,
      "uefb_input_psnr": 12.995622906684876,
      "uefb_identity_drop": 4.854003322601319,
      "uefb_q_ece": 0.40818542762100696,
      "uefb_over": 8.331299036399286e-06,
      "uefb_under": 6.134033287708007e-06,
      "uefb_E_MAE": 0.49329910764098167,
      "uefb_E_MAE_aligned": 0.21353657277673482,
      "uefb_E_corr": 0.4927912850677967,
      "real_psnr": 19.487063598632812,
      "real_ssim": 0.7752489912509918,
      "real_lee": 0.25594015799462794,
      "real_nai": 2.6758922362327575,
      "real_input_psnr": 9.718215217590332,
      "real_identity_drop": 9.768848390579224,
      "real_q_ece": 0.5403629718720913,
      "real_over": 6.100000033711694e-05,
      "real_under": 2.3611111646459905e-06,
      "real_E_MAE": 0.7551381202787161,
      "real_E_MAE_aligned": 0.3399921595305204,
      "real_E_corr": 0.6657541596889496,
      "synthetic_psnr": 18.683455123901368,
      "synthetic_ssim": 0.7757975733280182,
      "synthetic_lee": 0.2901246105041355,
      "synthetic_nai": 1.3490165746212006,
      "synthetic_input_psnr": 11.220927743911743,
      "synthetic_identity_drop": 7.462527379989624,
      "synthetic_q_ece": 0.5632263603806495,
      "synthetic_over": 0.00019040708183638345,
      "synthetic_under": 1.401548070134595e-06,
      "synthetic_E_MAE": 0.8369270390272141,
      "synthetic_E_MAE_aligned": 0.6228858698345721,
      "synthetic_E_corr": 0.8042544466257096,
      "elapsed_sec_total": 233.1828646659851
    },
    {
      "run": "p2e_p2e_eshape010_gatepri005_eshape010_image_stat_gate_prior005",
      "variant_id": "P2E_ESHAPE010_GATEPRI005",
      "variant_name": "eshape010_image_stat_gate_prior005",
      "base_variant": "P2C_DGB_ESHAPE010",
      "intervention": "image_stat_gate_prior",
      "seed": 3407,
      "backbone": "multiscale",
      "backbone_blocks": 3,
      "gauge_mode": "image_stats",
      "route_type": "identity_gate",
      "route_floor": 0.0,
      "gate_prior": 0.05,
      "e_shape": 0.01,
      "safe_alpha": 0.7,
      "steps": 1000,
      "train_crop": 128,
      "batch_size": 8,
      "gpu": 1,
      "elapsed_sec_train": 209.57669711112976,
      "run_dir": "/home/user/a1_rlef_project/experiments/p2e_p2e_eshape010_gatepri005_eshape010_image_stat_gate_prior005_seed3407",
      "config": "/home/user/a1_rlef_project/configs/dgb_rlef/p2e_p2e_eshape010_gatepri005_eshape010_image_stat_gate_prior005.yml",
      "log": "/home/user/a1_rlef_project/logs/p2e_gate_prior_balance/p2e_p2e_eshape010_gatepri005_eshape010_image_stat_gate_prior005.log",
      "uefb_psnr": 17.660460554122924,
      "uefb_ssim": 0.8104123692512513,
      "uefb_lee": 0.2680060918927193,
      "uefb_nai": 1.8347689235210418,
      "uefb_input_psnr": 12.995622906684876,
      "uefb_identity_drop": 4.664837647438049,
      "uefb_q_ece": 0.419146635979414,
      "uefb_over": 5.0150554952779205e-06,
      "uefb_under": 9.460449564357987e-07,
      "uefb_E_MAE": 0.49526847107708455,
      "uefb_E_MAE_aligned": 0.21602853127848357,
      "uefb_E_corr": 0.45141718269651754,
      "real_psnr": 19.789192361831667,
      "real_ssim": 0.7733880531787872,
      "real_lee": 0.25298543453216554,
      "real_nai": 2.6668268811702727,
      "real_input_psnr": 9.718215217590332,
      "real_identity_drop": 10.070977149009705,
      "real_q_ece": 0.5485104866325855,
      "real_over": 4.225000019687286e-05,
      "real_under": 6.94444452165044e-08,
      "real_E_MAE": 0.754115219861269,
      "real_E_MAE_aligned": 0.3384114234894514,
      "real_E_corr": 0.7005786281824112,
      "synthetic_psnr": 18.247637243270873,
      "synthetic_ssim": 0.7668948549032212,
      "synthetic_lee": 0.30904707945883275,
      "synthetic_nai": 1.3291216468811036,
      "synthetic_input_psnr": 11.220927743911743,
      "synthetic_identity_drop": 7.026709499359131,
      "synthetic_q_ece": 0.5711431983113289,
      "synthetic_over": 0.00017483181515672185,
      "synthetic_under": 1.8084490875480695e-07,
      "synthetic_E_MAE": 0.8328833159804344,
      "synthetic_E_MAE_aligned": 0.6189214031212031,
      "synthetic_E_corr": 0.8150944590568543,
      "elapsed_sec_total": 231.48382329940796
    }
  ],
  "p3c_reference": {
    "uefb_psnr": {
      "mean": 17.914535294214883,
      "std": 0.27466761106490634,
      "n": 3
    },
    "uefb_E_MAE": {
      "mean": 0.2764901278267304,
      "std": 0.01516151687910185,
      "n": 3
    },
    "uefb_E_MAE_aligned": {
      "mean": 0.20261214628318944,
      "std": 0.007616531070542047,
      "n": 3
    },
    "uefb_E_corr": {
      "mean": 0.4361369502673236,
      "std": 0.0032329503286052308,
      "n": 3
    },
    "real_psnr": {
      "mean": 20.02060646692912,
      "std": 0.2231760612668466,
      "n": 3
    },
    "real_E_corr": {
      "mean": 0.7074678050478299,
      "std": 0.05254242104857764,
      "n": 3
    },
    "synthetic_psnr": {
      "mean": 17.678273655573523,
      "std": 0.7345045603791227,
      "n": 3
    },
    "synthetic_E_corr": {
      "mean": 0.84072034517924,
      "std": 0.03656592404775315,
      "n": 3
    }
  },
  "p7b_near_miss_reference": {
    "uefb_psnr": 18.0850629196167,
    "real_psnr": 19.84705744743347,
    "synthetic_psnr": 17.96549958229065
  },
  "phase2_dgb_reference": {
    "run": "phase2_dgb_rlef_minimal_s3407_multiscale_image_stats_gauge_safe_router",
    "variant_id": "DGB_RLEF_MINIMAL_S3407",
    "variant_name": "multiscale_image_stats_gauge_safe_router",
    "seed": 3407,
    "backbone": "multiscale",
    "backbone_blocks": 3,
    "gauge_mode": "image_stats",
    "route_type": "recoverability_safe_router",
    "safe_alpha": 0.7,
    "steps": 1000,
    "train_crop": 128,
    "batch_size": 8,
    "gpu": 0,
    "elapsed_sec_train": 105.1920714378357,
    "run_dir": "/home/user/a1_rlef_project/experiments/phase2_dgb_rlef_minimal_s3407_multiscale_image_stats_gauge_safe_router_seed3407",
    "config": "/home/user/a1_rlef_project/configs/dgb_rlef/phase2_dgb_rlef_minimal_s3407_multiscale_image_stats_gauge_safe_router.yml",
    "log": "/home/user/a1_rlef_project/logs/phase2_dgb_candidate/phase2_dgb_rlef_minimal_s3407_multiscale_image_stats_gauge_safe_router.log",
    "uefb_psnr": 17.75430307197571,
    "uefb_ssim": 0.8160762413740158,
    "uefb_lee": 0.26404609394818546,
    "uefb_nai": 1.8797483952045442,
    "uefb_input_psnr": 12.995622906684876,
    "uefb_identity_drop": 4.758680165290833,
    "uefb_q_ece": 0.40839267876744273,
    "uefb_over": 3.0822754833934597e-06,
    "uefb_under": 0.0,
    "uefb_E_MAE": 0.5305266555547714,
    "uefb_E_MAE_aligned": 0.19919930795580149,
    "uefb_E_corr": 0.5276702798577025,
    "real_psnr": 19.938993167877197,
    "real_ssim": 0.7717072099447251,
    "real_lee": 0.24943566314876078,
    "real_nai": 2.873386011123657,